Hora,Azimut,Elevación,Velocidad Azimut,Velocidad Elevación,Delta Tiempo,tiempo_jd
18:30:17,42.79079656932868,22.7586612701416,0.0007569760876504695,1.7209165454395314,14.400002360343933,2459575.479371111
18:30:32,42.779896111879786,22.79914093017578,0.00076227447055624,0.002820488301522499,14.35200423002243,2459575.4795377776
18:30:46,42.768955945453925,22.8396053314209,0.0007599607698432768,0.0028006921283855457,14.448000490665436,2459575.4797038888
18:31:0,42.75797603187834,22.880064010620117,0.0007678121273660604,0.0028096300394114954,14.400002360343933,2459575.479871111
18:31:15,42.74691953543197,22.920650482177734,0.0007629023371348814,0.0028185045072900814,14.400002360343933,2459575.4800377777
18:31:29,42.73593373997652,22.960823059082024,0.0007759414373795739,0.0027990917686781494,14.35200423002243,2459575.4802044444
18:31:44,42.724797425184995,23.001392364501953,0.0007735613818485068,0.0028173124145904663,14.400002360343933,2459575.4803705555
18:31:58,42.713658139460506,23.041816711425778,0.0007737426575648123,0.0028072458540110315,14.400002360343933,2459575.480537222
18:32:12,42.702516243365274,23.08210182189942,0.0007765136702663053,0.0027882827453993286,14.448000490665436,2459575.480703889
18:32:27,42.69129717347626,23.12251281738281,0.0007495162445556895,0.0021981650400504137,18.383967876434326,2459575.480871111
18:32:45,42.67751809091348,23.171934127807617,0.0007877649360836622,0.0029501681981425874,16.752031445503235,2459575.4810838886
18:33:2,42.66432142793254,23.219057083129883,0.0008277826539620742,0.003250756057195136,14.495998620986938,2459575.481277778
18:33:16,42.65232189172223,23.261724472045895,0.000748897299864007,0.0028129922485918253,15.167972445487976,2459575.4814455556
18:33:32,42.64096263811339,23.30196189880371,0.0007989197549606003,0.0022903818040942046,17.56799966096878,2459575.481621111
18:33:49,42.626927216129104,23.35147476196289,0.0008381106200087918,0.003253997633208413,15.216010808944702,2459575.481824444
18:34:4,42.61417451587596,23.39626693725586,0.000800789033220057,0.0031209700453731504,14.35200423002243,2459575.4820005554
18:34:19,42.60268158828383,23.436475753784176,0.00080366388644564,0.002642533383630359,15.216010808944702,2459575.4821666665
18:34:34,42.590453029900914,23.479095458984375,0.0007244438261376861,0.002658418223683191,16.031979024410248,2459575.482342778
18:34:50,42.57883876167591,23.51942253112793,0.0008858738979747192,0.002393578218585383,16.84802770614624,2459575.482528333
18:35:7,42.56391353369868,23.571025848388672,0.0008156685722407641,0.003595557881272167,14.351963996887207,2459575.4827233334
18:35:21,42.55220708771649,23.611333847045895,0.000813049543145898,0.0027898669219498713,14.448000490665436,2459575.482889444
18:35:36,42.54046014751818,23.65163040161133,0.0008213120787682906,0.002807730120448398,14.35200423002243,2459575.4830566663
18:35:50,42.52867267308953,23.691919326782234,0.0008213874412944372,0.0028071985295700422,14.35200423002243,2459575.4832227775
18:36:4,42.516884117057586,23.732065200805664,0.0008244431002827573,0.0023828290522972272,16.847987473011017,2459575.4833888886
18:36:21,42.50299391003181,23.7791805267334,0.0008247575672811788,0.0032610274313165095,14.448000490665436,2459575.4835838885
18:36:36,42.49107781229505,23.81944084167481,0.0008331101043335213,0.002805205063777136,14.35200423002243,2459575.4837511107
18:36:50,42.479121012553584,23.859691619873047,0.0008331625139306336,0.002795192472265489,14.400002360343933,2459575.483917222
18:37:4,42.46712347038643,23.899934768676758,0.0007938033001951669,0.002644789709274791,15.216010808944702,2459575.4840838886
18:37:20,42.45504495079049,23.9403018951416,0.000881469236952869,0.0026613325898477477,15.1680126786232,2459575.48426
18:37:35,42.44167481422857,23.984815597534187,0.0008447910170002994,0.0030912288261265297,14.400002360343933,2459575.4844355555
18:37:49,42.42950982158977,24.025165557861328,0.0008448302091673326,0.002802080118976981,14.400002360343933,2459575.484602222
18:38:4,42.41734426458367,24.06537055969238,0.0008448438235191895,0.0027920135583985326,14.400002360343933,2459575.484768889
18:38:18,42.40517851153087,24.10543251037598,0.0008505159349214582,0.0027728370240217032,14.448000490665436,2459575.4849355556
18:38:32,42.392890256885806,24.145751953125,0.0008562265679312137,0.0028093327685161946,14.351963996887207,2459575.485102778
18:38:47,42.38060172400968,24.185930252075195,0.0008505288887780284,0.0027808899214914694,14.448000490665436,2459575.4852688885
18:39:1,42.36831328220729,24.225963592529293,0.0008590730696712729,0.002770856803331558,14.448000490665436,2459575.4854361108
18:39:16,42.35590139407516,24.266258239746094,0.0008619311885595917,0.002807597222728623,14.35200423002243,2459575.485603333
18:39:30,42.343530954010966,24.3062744140625,0.0008676747227529824,0.0027789005386975848,14.400002360343933,2459575.485769444
18:39:44,42.33103643595531,24.34654998779297,0.0008647615821371925,0.0027969143839436704,14.400002360343933,2459575.485936111
18:39:59,42.3185838671314,24.386547088623047,0.0008734244952708349,0.0027775759912530198,14.400002360343933,2459575.4861027775
18:40:13,42.30600655233792,24.426801681518555,0.0008704813569820401,0.0027954573817546486,14.400002360343933,2459575.486269444
18:40:28,42.29347161874274,24.46677780151368,0.0008791859192463278,0.0027761189890644915,14.400002360343933,2459575.486436111
18:40:42,42.280811339430414,24.50701713562012,0.0008762103029198856,0.0027943977437987497,14.400002360343933,2459575.4866027776
18:40:56,42.26819390900021,24.54697608947754,0.0008879038191248726,0.002774926896363643,14.400002360343933,2459575.4867694443
18:41:11,42.255408091909054,24.58732795715332,0.0008819604680909909,0.0028022125737219307,14.400002360343933,2459575.486936111
18:41:25,42.24270785908681,24.627267837524418,0.0008907535536341555,0.002773602348919571,14.400002360343933,2459575.4871027777
18:41:40,42.229881005812,24.66746520996094,0.0008906815911064374,0.002800819439032496,14.35200423002243,2459575.4872694444
18:41:54,42.217097939848834,24.707386016845703,0.0008905984118584118,0.0027630679352865545,14.448000490665436,2459575.4874355556
18:42:8,42.20423057355732,24.74743270874024,0.0008964600889630495,0.0027810198146093826,14.400002360343933,2459575.487602778
18:42:23,42.191321546160296,24.78746604919434,0.0008993561788538908,0.002780092631397447,14.400002360343933,2459575.4877694445
18:42:37,42.17837081506201,24.827491760253906,0.0009022577543135923,0.00277957057844883,14.39996212720871,2459575.487936111
18:42:52,42.165378337570914,24.867507934570312,0.0009051572590251562,0.0027789005386975848,14.400002360343933,2459575.4881027774
18:43:6,42.15234407090447,24.90751457214355,0.0009080574165502317,0.0027875296670795443,14.35200423002243,2459575.488269444
18:43:20,42.13931162702104,24.9473762512207,0.0009109654011360162,0.0027589754791953578,14.448000490665436,2459575.4884355552
18:43:35,42.126149998458445,24.98749542236328,0.0009138812255674081,0.0027860530948984833,14.400002360343933,2459575.4886027775
18:43:49,42.1129901066532,25.0274715423584,0.0009167951979226771,0.0027761189890639984,14.400002360343933,2459575.488769444
18:44:4,42.09978825363916,25.06743812561035,0.0009197096004937385,0.0027754567153417155,14.400002360343933,2459575.488936111
18:44:18,42.08654443322122,25.107393264770515,0.0009226321500413716,0.00277466198687547,14.400002360343933,2459575.4891027776
18:44:32,42.073258528082896,25.1473388671875,0.0009255551502965503,0.0027739997131522006,14.400002360343933,2459575.4892694443
18:44:47,42.059930531734,25.18727493286133,0.0009253966373855518,0.0027641240529880638,14.448000490665436,2459575.489436111
18:45:1,42.04656040066299,25.227201461791996,0.0009345251831418857,0.0027819479628596556,14.35200423002243,2459575.489603333
18:45:16,42.033148091281475,25.26711654663086,0.0009343423051279758,0.002771880437241143,14.400002360343933,2459575.4897694443
18:45:30,42.01969355988226,25.307022094726566,0.0009404120135577803,0.0027804860879451056,14.35200423002243,2459575.489936111
18:45:44,42.00619676268572,25.34691619873047,0.0009370920828994685,0.002761219729309774,14.448000490665436,2459575.490102222
18:45:59,41.99265765581219,25.386802673339844,0.000943156824721665,0.0027698936160745423,14.400002360343933,2459575.4902694444
18:46:13,41.97907619531002,25.42667770385743,0.0009461011092568263,0.0027690988876082965,14.400002360343933,2459575.490436111
18:46:28,41.9654523371036,25.466541290283207,0.0009490484582562167,0.0027683041591408174,14.400002360343933,2459575.490602778
18:46:42,41.95178603706463,25.506395339965827,0.0009520015405170378,0.0027676496181414647,14.39996212720871,2459575.4907694445
18:46:56,41.93807725093614,25.546239852905273,0.0009581460757688329,0.0027762333609194978,14.35200423002243,2459575.4909361107
18:47:11,41.924325934403726,25.586071014404297,0.000951539471311857,0.0027568632437933232,14.448000490665436,2459575.491102222
18:47:25,41.910578091655324,25.625761032104492,0.0009608637069748069,0.002747094155058912,14.448000490665436,2459575.491269444
18:47:40,41.89669553234549,25.665706634521484,0.0009670548028910852,0.002783276940054926,14.35200423002243,2459575.4914366663
18:47:54,41.88281635772373,25.705505371093757,0.0009667972911435945,0.0027638006978300362,14.400002360343933,2459575.4916027775
18:48:8,41.86889447444929,25.745296478271484,0.0009697635631112213,0.002763270878851223,14.400002360343933,2459575.491769444
18:48:23,41.854929876851514,25.785078048706055,0.0009727383708594067,0.002762608605129434,14.400002360343933,2459575.491936111
18:48:37,41.84092244201514,25.824846267700195,0.000978970825904618,0.0027616814219182384,14.400002360343933,2459575.4921027776
18:48:52,41.82682525981141,25.86473846435547,0.0009754347186061158,0.0027702909803079116,14.400002360343933,2459575.4922694443
18:49:6,41.81277899756112,25.90435218811035,0.0009816734375345266,0.0027509525876172614,14.400002360343933,2459575.492436111
18:49:20,41.798642897743534,25.944089889526367,0.000984658066172363,0.0027595621460069345,14.400002360343933,2459575.4926027777
18:49:35,41.78446381926652,25.98381805419921,0.0009876458432906653,0.0027588998722841585,14.400002360343933,2459575.4927694444
18:49:49,41.77024171679195,26.02353286743164,0.000993949810108203,0.0027671963159926487,14.35200423002243,2459575.492936111
18:50:4,41.75597654491285,26.063238143920906,0.0009936358571525743,0.0027481502727604214,14.448000490665436,2459575.493102222
18:50:18,41.741620493561165,26.103063583374023,0.0009866953353510363,0.00275646719965495,14.448000490665436,2459575.4932694444
18:50:32,41.727364718871875,26.142480850219727,0.0010096578760928395,0.0027464642717459345,14.35200423002243,2459575.4934366667
18:50:47,41.712874104763316,26.182418823242188,0.000999297962850528,0.002773477643180616,14.39996212720871,2459575.493602778
18:51:1,41.69848425194447,26.221946716308594,0.0010056389490781504,0.002744992124116718,14.400002360343933,2459575.493769444
18:51:16,41.68400304870409,26.261594772338867,0.0010052980699745363,0.0027441898313811143,14.448000490665436,2459575.4939361108
18:51:30,41.669478501695835,26.30123519897461,0.0010150454656926784,0.002762013304930599,14.35200423002243,2459575.494103333
18:51:44,41.65491056487855,26.340860366821293,0.0010113076038486398,0.002742605654829834,14.448000490665436,2459575.494269444
18:51:59,41.64029919212193,26.3804759979248,0.001021101630289434,0.002760285634576252,14.35200423002243,2459575.4944366664
18:52:13,41.62564433720473,26.42008399963379,0.0010207180450993109,0.0027505552233841385,14.400002360343933,2459575.4946027775
18:52:28,41.61094599494606,26.459676742553714,0.0010237469243671226,0.0027494955854284863,14.400002360343933,2459575.494769444
18:52:42,41.596204036818776,26.499258041381825,0.001026776185453399,0.0027487008569605136,14.400002360343933,2459575.494936111
18:52:56,41.5814184573247,26.538829803466797,0.0010332463160741504,0.002748038583239958,14.400002360343933,2459575.4951027776
18:53:11,41.56653970793442,26.578521728515625,0.0010363087667971625,0.002765601543357829,14.35200423002243,2459575.4952694443
18:53:25,41.551666600129735,26.618070602416996,0.0010324521608926906,0.002737325066324747,14.448000490665436,2459575.4954355555
18:53:40,41.53674973080257,26.65760612487793,0.001035467738420009,0.0027455219430942974,14.400002360343933,2459575.4956027777
18:53:54,41.52183899292526,26.69700050354004,0.0010385095654279362,0.0027266318746017,14.448000490665436,2459575.4957694444
18:54:8,41.5068346062144,26.736515045166016,0.0010485082541954191,0.002744064940905523,14.400002360343933,2459575.4959366666
18:54:23,41.49173608487914,26.776147842407227,0.0010515872528827036,0.002761481714052491,14.35200423002243,2459575.4961033333
18:54:37,41.47664370017753,26.81563949584961,0.0010441483276738515,0.0027333646249456858,14.448000490665436,2459575.4962694445
18:54:52,41.461557844626974,26.854984283447266,0.0010541858233312257,0.002732276468648893,14.400002360343933,2459575.4964366667
18:55:6,41.44637756628276,26.89445495605469,0.0010572506619350268,0.00274102614012058,14.39996212720871,2459575.4966033334
18:55:20,41.43115319679193,26.933908462524414,0.0010638589446155461,0.002748989328416701,14.35200423002243,2459575.4967699996
18:55:35,41.41588468871866,26.973352432250977,0.0010598486777136297,0.0027300642571300065,14.448000490665436,2459575.496936111
18:55:49,41.400571994503025,27.012784957885742,0.0010699124186826926,0.0025997160254447333,15.1680126786232,2459575.497103333
18:56:4,41.38434354937143,27.054439544677738,0.001069702612641704,0.002892679164185974,14.400002360343933,2459575.4972788887
18:56:19,41.36893982922452,27.09384536743164,0.0010727812265177885,0.002736515020471255,14.400002360343933,2459575.4974455554
18:56:33,41.353491777030534,27.133243560791012,0.001079454395775087,0.002735985201493429,14.400002360343933,2459575.497612222
18:56:48,41.33794763118349,27.172758102416985,0.0010753572134720453,0.002744064940905276,14.400002360343933,2459575.497778889
18:57:2,41.32246248477128,27.211999893188473,0.0010820370552105697,0.0027251239124484886,14.400002360343933,2459575.4979455555
18:57:16,41.30688114862227,27.251359939575195,0.0010851290140772322,0.002733336106604792,14.400002360343933,2459575.498112222
18:57:31,41.29125528825828,27.290706634521484,0.0010882243243883927,0.00273240892339335,14.400002360343933,2459575.498278889
18:57:45,41.2755848554185,27.33004188537597,0.001094965778854446,0.002731614194926117,14.400002360343933,2459575.4984455556
18:58:0,41.2598173456185,27.369495391845703,0.001087158517014718,0.002730724330693634,14.448000490665436,2459575.4986122223
18:58:14,41.24411007883124,27.408676147460938,0.001101204037950994,0.002729992607543628,14.351963996887207,2459575.4987794445
18:58:28,41.22830563812534,27.447975158691403,0.0011006392014016875,0.0027290975547816904,14.400002360343933,2459575.498945555
18:58:43,41.21245643102727,27.487262725830078,0.001103751359858148,0.0027283028263154446,14.400002360343933,2459575.499112222
18:58:57,41.19656240884008,27.52653694152832,0.001106866906074743,0.0027273756431040025,14.400002360343933,2459575.4992788886
18:59:12,41.18062352278002,27.565799713134762,0.001109985846069373,0.0027265809146370164,14.400002360343933,2459575.4994455553
18:59:26,41.16463972397667,27.605049133300778,0.0011131081858614196,0.002725653731426068,14.400002360343933,2459575.499612222
18:59:40,41.14861096347295,27.644287109375,0.0011125225449525927,0.002715806668166517,14.448000490665436,2459575.4997788887
18:59:55,41.132537237197596,27.683513641357422,0.00112310662245308,0.00273317449979323,14.35200423002243,2459575.499946111
19:0:9,41.11641840620138,27.72272491455078,0.0011262424035575578,0.0027230046365369375,14.400002360343933,2459575.500112222
19:0:24,41.100200512931835,27.76205635070801,0.001125642112960283,0.0027313492854379447,14.400002360343933,2459575.5002788887
19:0:38,41.083991263848304,27.801244735717773,0.001125013876170134,0.0027214151796032125,14.400002360343933,2459575.5004455554
19:0:52,41.067791061376035,27.840286254882812,0.0011281535826770577,0.002702209152765672,14.448000490665436,2459575.500612222
19:1:7,41.05149149785997,27.879449844360348,0.0011388489052698472,0.002719693267925278,14.400002360343933,2459575.5007794444
19:1:21,41.03509207093601,27.918729782104492,0.0011382152583876402,0.0027368956359402345,14.35200423002243,2459575.500946111
19:1:36,41.018756400732954,27.95773696899414,0.0011413632148505194,0.002708831978880091,14.400002360343933,2459575.501112222
19:1:50,41.0023207677451,27.99686050415039,0.0011445198816922117,0.0027169117182919383,14.400002360343933,2459575.501278889
19:2:4,40.98583967874727,28.035972595214844,0.001147680014036776,0.002716116989825199,14.400002360343933,2459575.5014455556
19:2:19,40.96931308383622,28.075069427490234,0.0011508488944542556,0.0027060375794318602,14.448000490665436,2459575.5016122223
19:2:33,40.95268561844446,28.11428642272949,0.0011617487384075213,0.002732517671292934,14.351963996887207,2459575.5017794445
19:2:48,40.93601224237741,28.153488159179688,0.0011533399489080931,0.002722342362814902,14.400002360343933,2459575.501945555
19:3:2,40.91940414439085,28.192419052124023,0.001156492890054595,0.0027035337891018305,14.400002360343933,2459575.502112222
19:3:16,40.902750644044346,28.23133659362793,0.0011596674566797494,0.0026936281964449055,14.448000490665436,2459575.5022788886
19:3:31,40.88599576806123,28.270370483398438,0.0011667139123521073,0.0027106863453024823,14.400002360343933,2459575.502446111
19:3:45,40.86919508496951,28.309389114379876,0.001169895194590347,0.0027096267073463366,14.400002360343933,2459575.5026127775
19:4:0,40.852348591406056,28.348398208618164,0.0011770097384702486,0.0027180241597676417,14.35200423002243,2459575.502779444
19:4:14,40.83545614266075,28.387392044067383,0.001180204227952352,0.0027079047956688955,14.400002360343933,2459575.5029455554
19:4:28,40.81846119899255,28.42650222778321,0.0011794838782812254,0.002715984535081236,14.400002360343933,2459575.503112222
19:4:43,40.801476628361314,28.465469360351562,0.001174819181976936,0.0026970605789727203,14.448000490665436,2459575.5032788888
19:4:57,40.78450284024367,28.504295349121094,0.001189840017128083,0.0027052659786925503,14.35200423002243,2459575.503446111
19:5:12,40.767426251284796,28.543235778808594,0.0011930485652987882,0.002704196062824113,14.400002360343933,2459575.503612222
19:5:26,40.75024634912849,28.582294464111328,0.0011883387493401333,0.0027033972851793165,14.448000490665436,2459575.503778889
19:5:40,40.733077230294946,28.621208190917972,0.0011955125541169484,0.0027023416964019687,14.400002360343933,2459575.503946111
19:5:55,40.71586184669384,28.66010856628418,0.0011947279883750064,0.00270141451319028,14.400002360343933,2459575.5041127778
19:6:9,40.69865776084127,28.698867797851562,0.0012099829678500376,0.0027006145585091036,14.35200423002243,2459575.5042794445
19:6:24,40.68129208016843,28.737871170043945,0.0012011533310825656,0.002708574637060051,14.39996212720871,2459575.5044455556
19:6:38,40.66399551769187,28.77660179138183,0.0012083941387631774,0.0026806907546069506,14.448000490665436,2459575.504612222
19:6:52,40.646536638582106,28.815578460693363,0.0012075862192657254,0.0027067127029695268,14.400002360343933,2459575.504779444
19:7:7,40.62914739417436,28.85428237915039,0.0012226368132627742,0.0025516802548282715,15.1680126786232,2459575.504946111
19:7:22,40.61060242348944,28.895429611206055,0.0012101859367763348,0.002847953395506075,14.448000490665436,2459575.5051216665
19:7:36,40.5931176564811,28.93410873413086,0.0012256019429362785,0.0026950328542889677,14.35200423002243,2459575.5052888887
19:7:51,40.57552781221175,28.972896575927734,0.001224767433582236,0.0026846511959862577,14.448000490665436,2459575.505455
19:8:5,40.557832371730406,29.011804580688477,0.001232128658631118,0.0027109805806322133,14.35200423002243,2459575.505622222
19:8:20,40.5401488560098,29.050567626953118,0.0012230879253332496,0.0026829350047216124,14.448000490665436,2459575.5057883332
19:8:34,40.52247768106446,29.089189529418945,0.001234519478458533,0.0026820761205003695,14.400002360343933,2459575.5059555555
19:8:48,40.504700597660765,29.127923965454112,0.0012419187790094276,0.0026988868881559947,14.35200423002243,2459575.506122222
19:9:3,40.48687657409108,29.16664695739746,0.0012410425776857754,0.0026890962219553306,14.400002360343933,2459575.5062883333
19:9:17,40.469005558043115,29.205354690551754,0.0012401758249950144,0.0026791065780556703,14.448000490665436,2459575.506455
19:9:32,40.451087497115076,29.244049072265625,0.0012517560853170788,0.0026961035940630254,14.351963996887207,2459575.5066222223
19:9:46,40.43312233884572,29.282726287841797,0.0012466990282633428,0.0026769943426538816,14.448000490665436,2459575.506788333
19:10:0,40.41511003067366,29.32139396667481,0.001258326740982788,0.0026942354679720527,14.35200423002243,2459575.506955555
19:10:15,40.397050519964324,29.360044479370117,0.0012574140967277238,0.002684062941666477,14.400002360343933,2459575.5071216663
19:10:29,40.378943754003515,29.398681640625,0.0012565111703637334,0.0026742220336887106,14.448000490665436,2459575.507288333
19:10:44,40.36078967999757,29.437305450439453,0.0012682069625543281,0.0026822085752443324,14.400002360343933,2459575.5074555553
19:10:58,40.34252749674339,29.476041793823242,0.0012672828909063973,0.002699019785874779,14.35200423002243,2459575.507622222
19:11:12,40.32433944733246,29.514507293701172,0.0012663562384768348,0.002662340709552265,14.448000490665436,2459575.507788333
19:11:27,40.30604313177759,29.553087234497074,0.0012781288760816741,0.0026791621161220795,14.400002360343933,2459575.5079555553
19:11:41,40.28763807294519,29.591783523559574,0.0012814633502312204,0.002696228933764711,14.35200423002243,2459575.508122222
19:11:56,40.269246505522055,29.630331039428707,0.0012118284029059459,0.002533352292735849,15.216010808944702,2459575.508288333
19:12:11,40.25080731144485,29.668869018554688,0.0013530725491481235,0.0025407469102730357,15.167972445487976,2459575.5084644444
19:12:26,40.23028394430263,29.711627960205075,0.0012874956982360923,0.0029595058276757928,14.448000490665436,2459575.5086399997
19:12:40,40.21168220582278,29.750259399414062,0.0012832638766987025,0.0024096427647943373,16.03201925754547,2459575.508807222
19:12:56,40.19110889463904,29.792858123779297,0.0013031615786856688,0.0029681376679170472,14.35200423002243,2459575.5089927777
19:13:11,40.17240591414934,29.83145904541015,0.0012979297219967282,0.0025368621326268244,15.216010808944702,2459575.509158889
19:13:26,40.152656601470184,29.87209892272949,0.0012926719962564792,0.0028222211253285515,14.39996212720871,2459575.509335
19:13:40,40.13404217368119,29.910287857055668,0.0013046725973388002,0.002643198576221816,14.448000490665436,2459575.5095016663
19:13:55,40.11519226335468,29.94884490966797,0.001316794671211256,0.0026955422378565188,14.304006099700928,2459575.5096688885
19:14:9,40.09635682434562,29.987258911132816,0.0013114496506238449,0.0025245776930091102,15.216010808944702,2459575.509834444
19:14:24,40.07640179228634,30.02783203125001,0.0013061517465060974,0.0028082169670057863,14.448000490665436,2459575.5100105554
19:14:39,40.05753051121194,30.066091537475582,0.00132249150736503,0.002514424227609049,15.216010808944702,2459575.5101777776
19:14:54,40.03740746614113,30.10675811767578,0.0013217814973094126,0.002833512278036397,14.35200423002243,2459575.510353889
19:15:8,40.01843725250058,30.14498519897461,0.0013207310874566588,0.0026458388704738676,14.448000490665436,2459575.51052
19:15:23,39.99935532910097,30.18332481384277,0.00133293751790357,0.002671377060212906,14.35200423002243,2459575.5106872222
19:15:37,39.980225004205664,30.221645355224606,0.0012078841432781736,0.002397434133320804,15.983980894088745,2459575.5108533334
19:15:53,39.96091820713723,30.260210037231438,0.0014778747112533844,0.002678102478165934,14.400002360343933,2459575.511038333
19:16:8,39.93963680780689,30.302583694458015,0.0013345350930402714,0.002932838855726333,14.448000490665436,2459575.511205
19:16:22,39.920355444127836,30.34085845947266,0.001342360166624841,0.0026579693570085443,14.400002360343933,2459575.511372222
19:16:36,39.901025454560006,30.379119873046875,0.0013457407656048534,0.0026570421737973486,14.400002360343933,2459575.511538889
19:16:51,39.881646784358885,30.417364120483395,0.0013491251718991987,0.00265585008109724,14.400002360343933,2459575.5117055555
19:17:5,39.86221937869914,30.455595016479485,0.0013480201637205533,0.0026461028998988763,14.448000490665436,2459575.511872222
19:17:20,39.842743182712276,30.493806838989254,0.0013559054230501844,0.002653598350441973,14.400002360343933,2459575.5120394444
19:17:34,39.82321814141995,30.53200721740723,0.0013592956168397583,0.002661675526688174,14.35200423002243,2459575.512206111
19:17:48,39.803709524977215,30.57006072998047,0.0013672374354372233,0.002642604606651589,14.400002360343933,2459575.5123722223
19:18:3,39.78402130267977,30.608356475830067,0.0013661082958007647,0.0026594337895680265,14.39996212720871,2459575.512538889
19:18:17,39.76434939495857,30.64650917053223,0.0013649413058286761,0.0026494922533645614,14.400002360343933,2459575.512705555
19:18:32,39.74469423693291,30.684516906738285,0.0013774935509511387,0.0026394256927848797,14.400002360343933,2459575.512872222
19:18:46,39.72485832654785,30.722764968872067,0.001380931395892201,0.0026561149905859065,14.400002360343933,2459575.5130388886
19:19:0,39.70497291118753,30.7609977722168,0.001379768361560321,0.0026550553526312414,14.400002360343933,2459575.5132055553
19:19:15,39.685104243524336,30.799083709716793,0.0013785749768855022,0.002644856337307103,14.400002360343933,2459575.513372222
19:19:29,39.66525276060327,30.837030410766605,0.0013912338944697246,0.0026351871409627647,14.400002360343933,2459575.5135388887
19:19:44,39.64521898923912,30.87521362304686,0.0013854053332435605,0.0026516115292736448,14.400002360343933,2459575.5137055553
19:19:58,39.62526914917038,30.913127899169922,0.0013934711355632506,0.0026329354103074975,14.400002360343933,2459575.513872222
19:20:12,39.6052031615292,30.951154708862305,0.0014015712963958082,0.0026407502402294447,14.400002360343933,2459575.5140388887
19:20:27,39.58502053155291,30.989286422729503,0.0013956895285802255,0.0026480352511752928,14.400002360343933,2459575.5142055554
19:20:41,39.564922599047044,31.02715492248534,0.0014037974557531542,0.0026297564964380743,14.400002360343933,2459575.514372222
19:20:56,39.544707912370754,31.06513214111328,0.0014119437514385261,0.0026373064168743157,14.400002360343933,2459575.514538889
19:21:10,39.524375919017366,31.10321807861328,0.0014060046982845098,0.0026448563373075965,14.400002360343933,2459575.5147055555
19:21:24,39.504129448043415,31.141038894653335,0.001414158788649061,0.0026264451278291286,14.400002360343933,2459575.514872222
19:21:39,39.48376555814897,31.178966522216804,0.001412889397710366,0.0026338625935172126,14.400002360343933,2459575.515038889
19:21:53,39.46341994748703,31.216751098632812,0.0014258168292290352,0.0026239284876829745,14.400002360343933,2459575.5152055556
19:22:8,39.44288818178072,31.254772186279297,0.00141982270385549,0.002631581281510133,14.448000490665436,2459575.5153722223
19:22:22,39.422374582658755,31.292654037475582,0.0014328084268612762,0.002639489006835698,14.351963996887207,2459575.5155394445
19:22:36,39.401810967702005,31.330514907836914,0.0014362831454783726,0.002629226677461975,14.400002360343933,2459575.515705555
19:22:51,39.381128487016994,31.36848831176757,0.0014254583374477831,0.0026282809136939614,14.448000490665436,2459575.515872222
19:23:5,39.360533464258125,31.406190872192383,0.0014432828566694966,0.002626989221891615,14.35200423002243,2459575.516039444
19:23:20,39.339819462594086,31.444004058837898,0.0014371707604517807,0.0026171916778342623,14.448000490665436,2459575.5162055553
19:23:34,39.31905521874191,31.48180007934571,0.0014502841716329095,0.0026335012101479454,14.35200423002243,2459575.5163727775
19:23:48,39.2982407341759,31.519578933715824,0.001448956873598439,0.0026148154130062355,14.448000490665436,2459575.5165388887
19:24:3,39.277306204555195,31.557472229003906,0.0014524577530028073,0.002640278993843577,14.35200423002243,2459575.516706111
19:24:17,39.25646052474017,31.595090866088864,0.001451119872191587,0.002603726177145553,14.448000490665436,2459575.516872222
19:24:32,39.23549474411473,31.632820129394528,0.0014643465026785312,0.0026288497899644987,14.35200423002243,2459575.5170394443
19:24:46,39.21447843691407,31.670532226562493,0.00146297829174975,0.0026188952073938738,14.400002360343933,2459575.5172055555
19:25:0,39.19341154605974,31.708229064941413,0.0014664950124183903,0.0026178355694394554,14.400002360343933,2459575.517372222
19:25:15,39.172294014419485,31.745908737182617,0.0014700215775012937,0.0026079506479493764,14.448000490665436,2459575.517538889
19:25:29,39.15105514194646,31.783693313598636,0.0014735462494797195,0.0026327038238310304,14.35200423002243,2459575.517706111
19:25:44,39.12990679994079,31.821214675903324,0.0014819982989978293,0.0026056497329484695,14.400002360343933,2459575.5178722222
19:25:58,39.1085660209372,31.858968734741207,0.0014707700052344287,0.0026130992217418365,14.448000490665436,2459575.518038889
19:26:13,39.08731633517991,31.89645385742188,0.001489091131951313,0.002603133092804289,14.400002360343933,2459575.518206111
19:26:27,39.06587341936505,31.934171676635735,0.0014926702458141232,0.002628059770916171,14.351963996887207,2459575.518372778
19:26:41,39.0444506697379,31.97174835205078,0.0014862812523128172,0.0026008218534684926,14.448000490665436,2459575.5185388885
19:26:56,39.022976877475216,32.00931167602539,0.0014947780384796266,0.0026172876883656456,14.35200423002243,2459575.518706111
19:27:10,39.00152381674401,32.04672622680664,0.00150332490808767,0.002598232267258905,14.400002360343933,2459575.518872222
19:27:24,38.979875934519185,32.08437728881836,0.0014968812054902542,0.0026146566555715124,14.400002360343933,2459575.5190388886
19:27:39,38.95832084162697,32.12175750732422,0.0015004365433864792,0.0025872243380674017,14.448000490665436,2459575.5192055553
19:27:53,38.93664253371191,32.15924835205078,0.0015140533124937158,0.002612237575023618,14.35200423002243,2459575.5193727775
19:28:8,38.91491283416652,32.19672012329101,0.001512581301308506,0.0025935610442730144,14.448000490665436,2459575.5195388887
19:28:22,38.893059058783045,32.23429870605469,0.001511100363141846,0.0026096233752826584,14.400002360343933,2459575.519706111
19:28:37,38.871299209987086,32.27161026000977,0.0015248072856710098,0.0025997451893885705,14.35200423002243,2459575.5198727776
19:28:51,38.84941516937317,32.30902862548828,0.0015132178416567656,0.0025812892548385843,14.495998620986938,2459575.520038889
19:29:5,38.82747956562726,32.34643173217773,0.0015319968306491477,0.002606124279924879,14.35200423002243,2459575.5202066666
19:29:20,38.8054923406334,32.38381576538086,0.0013788119861367883,0.0023388437117662975,15.983980894088745,2459575.5203727777
19:29:36,38.78345343619045,32.42118453979492,0.0015345755640831914,0.0020273850783094883,18.432006239891052,2459575.5205577775
19:29:54,38.75516812981768,32.46898269653322,0.0016140430343172722,0.002853282104339097,16.75199121236801,2459575.520771111
19:30:11,38.728129695090416,32.51451873779297,0.001621161085277939,0.0029926399127544745,15.216010808944702,2459575.5209649997
19:30:26,38.70346209049379,32.55592727661133,0.0015522501486173726,0.0028852094909321705,14.35200423002243,2459575.521141111
19:30:40,38.68118418979478,32.59321212768554,0.0015455361911968677,0.002580623602435551,14.448000490665436,2459575.521307222
19:30:55,38.658854282146024,32.630474090576165,0.0015594902937551753,0.0025876358877023843,14.400002360343933,2459575.5214744443
19:31:9,38.636397618235016,32.6678466796875,0.0015631455161447907,0.0026039979164134363,14.35200423002243,2459575.521641111
19:31:24,38.613963347175165,32.70507431030274,0.0015563713467813744,0.002576663161057719,14.448000490665436,2459575.521807222
19:31:38,38.59147689319321,32.74228286743165,0.0015599638234544291,0.0025839271548576018,14.400002360343933,2459575.5219744444
19:31:52,38.569013410453415,32.77935409545898,0.0015740534389952852,0.0025830000767266778,14.35200423002243,2459575.522141111
19:32:7,38.546422588838674,32.81652832031251,0.0015724489067920288,0.00257296674910465,14.448000490665436,2459575.5223072222
19:32:21,38.523703846261796,32.85380935668945,0.001576095111488354,0.0025889604351464557,14.400002360343933,2459575.5224744445
19:32:36,38.50100807293624,32.89094543457031,0.0015692371095854878,0.002570326454851123,14.448000490665436,2459575.522641111
19:32:50,38.478335734406976,32.92794418334961,0.0015992783701992246,0.002577957190202088,14.351963996887207,2459575.5228083334
19:33:4,38.455382948816876,32.96529006958008,0.0015817562422793816,0.0025934638964584707,14.400002360343933,2459575.522974444
19:33:19,38.432605655194564,33.00225067138672,0.0015906966263386807,0.0025667080380782554,14.400002360343933,2459575.523141111
19:33:33,38.409699620020696,33.039318084716804,0.0015943572581639887,0.0025741255037683135,14.400002360343933,2459575.5233077775
19:33:48,38.3867408717399,33.076358795166016,0.001598021996954255,0.0025722711373449354,14.400002360343933,2459575.523474444
19:34:2,38.36372935121188,33.11338424682617,0.001601686366358579,0.002571211499389777,14.400002360343933,2459575.523641111
19:34:16,38.340665063755786,33.150394439697266,0.0016107209501946018,0.0025701518614341247,14.400002360343933,2459575.5238077776
19:34:31,38.31747067827113,33.18750381469726,0.0016090531439656903,0.0025770395081453697,14.400002360343933,2459575.5239744443
19:34:45,38.2943003092001,33.2244758605957,0.0016073526673660997,0.002567502766545488,14.400002360343933,2459575.524141111
19:35:0,38.27115442699613,33.26130294799805,0.0016110134661496793,0.0025574362059662997,14.400002360343933,2459575.5243077776
19:35:14,38.247955829281025,33.29811477661133,0.0016254907977616233,0.0025563765680106476,14.400002360343933,2459575.5244744443
19:35:28,38.22454875795654,33.335147857666016,0.001623790437574079,0.002571741318367603,14.400002360343933,2459575.524641111
19:35:43,38.20116617182277,33.37204360961914,0.0016271852529787026,0.0030746523645025295,11.999975144863129,2459575.5248077777
19:35:55,38.18163998923094,33.402774810791016,0.001630572741684999,0.002134110842683293,14.400002360343933,2459575.5249466663
19:36:9,38.15815973790196,33.439632415771484,0.0016397436356003262,0.0025681155321406386,14.35200423002243,2459575.525113333
19:36:24,38.13462613030767,33.47647476196288,0.0016325458682689155,0.002549996189106046,14.448000490665436,2459575.525279444
19:36:38,38.11103910680189,33.5132942199707,0.0016417010563183935,0.002556906386988967,14.400002360343933,2459575.5254466664
19:36:52,38.087398607715926,33.55009460449218,0.001645414181642416,0.002555581839543415,14.400002360343933,2459575.525613333
19:37:7,38.06370463961653,33.58687973022461,0.00165464380018742,0.00255452220158875,14.400002360343933,2459575.52578
19:37:21,38.039877764988304,33.62376022338868,0.0016473880277521828,0.0025526364833595733,14.448000490665436,2459575.5259466665
19:37:36,38.016076301955025,33.66050720214844,0.0016566030812586207,0.0025604074644075747,14.35200423002243,2459575.5261138887
19:37:50,37.99230072752533,33.69710922241211,0.0016603312046561364,0.0025418065461204316,14.400002360343933,2459575.52628
19:38:4,37.96839195425933,33.73381423950195,0.0016640697070848085,0.002548959102321083,14.400002360343933,2459575.5264466666
19:38:19,37.94442934654953,33.7704963684082,0.001667812368751678,0.002547369645387605,14.400002360343933,2459575.5266133333
19:38:33,37.9204128445029,33.80716323852538,0.0016715591982247049,0.0025463100074314595,14.400002360343933,2459575.52678
19:38:48,37.89634238810301,33.843807220458984,0.0016753101946645602,0.0025447205504989683,14.400002360343933,2459575.5269466667
19:39:2,37.87221791734553,33.88043594360351,0.0016846683107359193,0.002543660912542329,14.400002360343933,2459575.5271133333
19:39:16,37.847958689694536,33.91716003417969,0.001677221750783388,0.0025502836497661415,14.400002360343933,2459575.52728
19:39:31,37.823806692524435,33.95362854003907,0.0016809851496679905,0.002524121305432103,14.448000490665436,2459575.5274466667
19:39:45,37.79951981825723,33.99019241333008,0.0016960012490199483,0.002539164545573431,14.39996212720871,2459575.527613889
19:40:0,37.775097464503645,34.02685928344727,0.0016941340643964473,0.0025548257601884293,14.35200423002243,2459575.527780555
19:40:14,37.7507832452452,34.06326293945311,0.001703569606775942,0.0025280312526954744,14.400002360343933,2459575.5279466663
19:40:28,37.72625183888662,34.09989547729491,0.0016960182878154237,0.002543925822031736,14.400002360343933,2459575.528113333
19:40:43,37.70182917153889,34.136257171630845,0.0017054684898490506,0.0025251172483189113,14.400002360343933,2459575.5282799997
19:40:57,37.67727042125957,34.17272186279297,0.0017092523190758119,0.0025322698045205498,14.400002360343933,2459575.5284466664
19:41:12,37.652657183830456,34.20917129516601,0.0017130498927350464,0.0025312101665634175,14.400002360343933,2459575.528613333
19:41:26,37.627989261331685,34.24559783935547,0.0017225758395740828,0.002529620709630926,14.400002360343933,2459575.52878
19:41:40,37.603184165175946,34.28212356567383,0.0017149191227419057,0.0025365083563421713,14.400002360343933,2459575.5289466665
19:41:55,37.578489325760664,34.31838607788087,0.001730207783349681,0.0025182296016076663,14.400002360343933,2459575.529113333
19:42:9,37.55357432959654,34.3548698425293,0.0017225087235518593,0.0025335943519636346,14.400002360343933,2459575.52928
19:42:24,37.52877019991168,34.39109420776367,0.0017320768300646701,0.0025155805067180424,14.400002360343933,2459575.5294466666
19:42:38,37.503828289470455,34.42742156982422,0.0017358948166442559,0.0025227330629186942,14.400002360343933,2459575.5296133333
19:42:52,37.47883140001347,34.46371841430663,0.0017397170066582833,0.0025206137870068964,14.400002360343933,2459575.52978
19:43:7,37.45377947101126,34.50000381469727,0.0017436565123029955,0.002384691808508499,15.215970575809479,2459575.5299466667
19:43:22,37.42724804482574,34.53832244873047,0.0017417854788726295,0.0026521755766794803,14.448000490665436,2459575.5301227774
19:43:37,37.40208272737235,34.57455825805663,0.0017572836379185803,0.0025247908755743264,14.35200423002243,2459575.5302899997
19:43:51,37.376862185167596,34.61077880859375,0.001749408479042696,0.002515315597229623,14.400002360343933,2459575.530456111
19:44:5,37.351670698940175,34.646854400634766,0.0017649611095829577,0.0025052490366504346,14.400002360343933,2459575.5306227775
19:44:20,37.326255254796266,34.68315124511718,0.001762963087578109,0.0025122399812946734,14.448000490665436,2459575.530789444
19:44:34,37.30078396324191,34.71943283081055,0.0017609258417674936,0.0025195541490522313,14.400002360343933,2459575.5309566665
19:44:49,37.27542662696407,34.75544738769532,0.0017825146146153035,0.0025093747401101793,14.35200423002243,2459575.531123333
19:45:3,37.249843969675034,34.791683197021484,0.0017627410210462595,0.002508015510490604,14.448000490665436,2459575.5312894443
19:45:17,37.22437588653804,34.82765197753907,0.0017783895918499536,0.0024978315709613635,14.400002360343933,2459575.5314566665
19:45:32,37.19876707221779,34.86372756958008,0.0017941858592518953,0.0025136274671340546,14.35200423002243,2459575.531623333
19:45:46,37.17301690917636,34.899898529052734,0.00178021048413003,0.0025035270102617717,14.448000490665436,2459575.5317894444
19:46:1,37.14729642722816,34.93592834472655,0.0017840485759792258,0.0025020701227824915,14.400002360343933,2459575.5319566666
19:46:15,37.121606123523094,34.97181320190429,0.0017998759383847632,0.002492003562205277,14.400002360343933,2459575.5321233333
19:46:29,37.09568790576203,35.00792312622071,0.0017917898221164008,0.002507633222051639,14.400002360343933,2459575.53229
19:46:44,37.06988612809431,35.043766021728516,0.0018076960878277613,0.002497420946400043,14.351963996887207,2459575.5324566667
19:46:58,37.04394213892449,35.079715728759766,0.001805566239399798,0.0024882133035970195,14.448000490665436,2459575.5326227774
19:47:13,37.017855317011715,35.11575317382813,0.0018094646000688132,0.002510969512744504,14.35200423002243,2459575.5327899996
19:47:27,36.99188587341745,35.15153503417969,0.0018073364680366664,0.002476596008885336,14.448000490665436,2459575.532956111
19:47:41,36.96577347524046,35.1874122619629,0.0018233450818230853,0.002499806104304232,14.35200423002243,2459575.533123333
19:47:56,36.939604818913345,35.223270416259766,0.001821185069976379,0.002481876597390423,14.448000490665436,2459575.533289444
19:48:10,36.913292336128734,35.259231567382805,0.0018251068837244757,0.002497301751982551,14.400002360343933,2459575.5334566664
19:48:25,36.88701079269522,35.2950439453125,0.001835138179213977,0.0024952875818403126,14.35200423002243,2459575.533623333
19:48:39,36.86067288178447,35.3308334350586,0.001826834034907171,0.002485380824982452,14.400002360343933,2459575.5337894442
19:48:53,36.83436646736985,35.36648941040039,0.001836871594243321,0.002467883037851942,14.448000490665436,2459575.533956111
19:49:8,36.80782734567493,35.4023551940918,0.0018408103671050252,0.0024906790147602186,14.400002360343933,2459575.534123333
19:49:22,36.78131967204367,35.43808364868165,0.0018447402597303662,0.0024894400821811225,14.35200423002243,2459575.53429
19:49:37,36.75484395203273,35.47366714477539,0.00184867437680212,0.0024710757125801616,14.400002360343933,2459575.534456111
19:49:51,36.72822303664327,35.50934982299805,0.001858801050129683,0.0024779633592923937,14.400002360343933,2459575.5346227777
19:50:5,36.701456297133994,35.545127868652344,0.0018503866830515976,0.002484586096515219,14.400002360343933,2459575.5347894444
19:50:20,36.6748107245305,35.58064651489258,0.001860528421023292,0.0024583779785432775,14.448000490665436,2459575.534956111
19:50:34,36.64792980899066,35.61637878417969,0.0018707281627120917,0.0024897058776196814,14.35200423002243,2459575.5351233333
19:50:49,36.621081110486195,35.651973724365234,0.0018622472704711056,0.0024636585670483645,14.448000490665436,2459575.5352894445
19:51:3,36.59417536100869,35.68754196166992,0.0018724258578420568,0.0024700229757883435,14.39996212720871,2459575.5354566667
19:51:17,36.567212499569756,35.72309112548829,0.001876390970268811,0.002468691527180931,14.400002360343933,2459575.535623333
19:51:32,36.54019246516896,35.758613586425774,0.0018803655511246986,0.00246683716075706,14.400002360343933,2459575.5357899996
19:51:46,36.51311519679445,35.79412078857422,0.0018843443655746019,0.002465777522802888,14.400002360343933,2459575.5359566663
19:52:1,36.48598063348248,35.8296012878418,0.0018883274182533306,0.0024639231563800034,14.400002360343933,2459575.536123333
19:52:15,36.45878871420253,35.86505889892578,0.0018923147058233086,0.0024623336994465256,14.400002360343933,2459575.5362899997
19:52:29,36.43153937797216,35.90049362182617,0.0018963009241781284,0.0024607442425130474,14.400002360343933,2459575.5364566664
19:52:44,36.40423264018807,35.93590545654297,0.0019003019772037594,0.002459154785579569,14.400002360343933,2459575.536623333
19:52:58,36.37686828723097,35.97129058837891,0.0019043019676415224,0.0024573004191576716,14.400002360343933,2459575.53679
19:53:13,36.349446334402124,36.00666427612305,0.0019019387667892462,0.0024565056906899457,14.400002360343933,2459575.5369566665
19:53:27,36.32205841167113,36.041885375976555,0.0019186966934442763,0.002454089288785938,14.35200423002243,2459575.537123333
19:53:41,36.29452126861069,36.07720565795898,0.0019099477251319982,0.002444648448430051,14.448000490665436,2459575.5372894444
19:53:56,36.266926342940835,36.11250686645508,0.001926738455009195,0.0024514724104015852,14.400002360343933,2459575.5374566666
19:54:10,36.23918130464094,36.14789962768555,0.0019243654339166246,0.002457830238135004,14.400002360343933,2459575.5376233333
19:54:25,36.21147043785037,36.183147430419936,0.0019283908240937673,0.0024477636775572962,14.400002360343933,2459575.53779
19:54:39,36.18370160543176,36.21837615966798,0.0019259725962621126,0.002446439130111744,14.400002360343933,2459575.5379566667
19:54:53,36.155967595499625,36.25346374511719,0.0019429021407006335,0.0024366374790209754,14.400002360343933,2459575.5381233334
19:55:8,36.12798980008762,36.28876113891601,0.0019404977925437815,0.0024512143495243393,14.39996212720871,2459575.53829
19:55:22,36.100046705367056,36.32392120361328,0.0019445346761431134,0.002441670759311803,14.400002360343933,2459575.5384566663
19:55:37,36.072045401440825,36.35905456542969,0.0019485812079158792,0.0024398163928889185,14.400002360343933,2459575.538623333
19:55:51,36.043985827447514,36.3941650390625,0.0019526319650448071,0.0024382269359554407,14.400002360343933,2459575.5387899997
19:56:5,36.015867922541986,36.42925262451172,0.001956686946348126,0.0024366374790219625,14.400002360343933,2459575.5389566664
19:56:20,35.98769162589612,36.464317321777344,0.0019607461505833745,0.0024350480220884842,14.400002360343933,2459575.539123333
19:56:34,35.95945687669968,36.499351501464844,0.0019648040811477857,0.0024329287461771804,14.400002360343933,2459575.5392899998
19:56:49,35.93116369329354,36.53437423706055,0.0019688772111356215,0.002432134017710441,14.400002360343933,2459575.5394566664
19:57:3,35.90281185680596,36.56936264038087,0.001966366067325779,0.0024297498323107175,14.400002360343933,2459575.539623333
19:57:17,35.87449618079517,36.6042137145996,0.001983608167638407,0.0024202130907083684,14.400002360343933,2459575.53979
19:57:32,35.84593221849918,36.639278411865234,0.001981105455192418,0.0024350480220889778,14.400002360343933,2459575.5399566665
19:57:46,35.81740429526832,36.6741943359375,0.001985189967930413,0.0024247165520208764,14.400002360343933,2459575.540123333
19:58:1,35.78881755504439,36.7090950012207,0.0019892786922138905,0.0024236569140652243,14.400002360343933,2459575.54029
19:58:15,35.76017193718113,36.74396514892578,0.001993371627081152,0.0024215376381539204,14.400002360343933,2459575.5404566666
19:58:29,35.731467381046116,36.778812408447266,0.001997468769856807,0.002419948181220442,14.400002360343933,2459575.5406233333
19:58:44,35.702703826045465,36.813636779785156,0.0020015701219298666,0.002418358724286964,14.400002360343933,2459575.54079
19:58:58,35.67388121156528,36.84843826293945,0.0020056756756141355,0.0024167692673534857,14.400002360343933,2459575.5409566667
19:59:13,35.64499947710235,36.883209228515625,0.002009791050559989,0.0024146567379140656,14.39996212720871,2459575.5411233334
19:59:27,35.616058562090686,36.91796112060546,0.0020072089582983234,0.002405308064066661,14.448000490665436,2459575.5412899996
19:59:41,35.58705840607632,36.95269012451172,0.00202476650893046,0.0024198016771489503,14.35200423002243,2459575.541457222
19:59:56,35.557998948575346,36.98739242553711,0.002022139903010758,0.002409881620641747,14.400002360343933,2459575.541623333
20:0:10,35.528880129199045,37.02206420898437,0.002026266452073315,0.00240776234472995,14.400002360343933,2459575.5417899997
20:0:25,35.499701887506504,37.05671691894531,0.002030397189169796,0.0024064377972863715,14.400002360343933,2459575.5419566664
20:0:39,35.47046416319002,37.09134674072266,0.0020345264276031075,0.0024048483403528932,14.400002360343933,2459575.542123333
20:0:53,35.441166977830356,37.12594985961914,0.002038671220592991,0.0024029939739295156,14.400002360343933,2459575.54229
20:1:8,35.41181010744185,37.16053009033203,0.0020496305679048336,0.002401404516996531,14.400002360343933,2459575.5424566665
20:1:22,35.38229542242619,37.195194244384766,0.0020333161145494037,0.0024072325257526173,14.400002360343933,2459575.542623333
20:1:37,35.35301566557735,37.2294921875,0.0020648259742256096,0.0023897667925353427,14.35200423002243,2459575.54279
20:1:51,35.323381274461006,37.26411056518555,0.002048441617361058,0.0023960670341832504,14.448000490665436,2459575.542956111
20:2:5,35.293785388968274,37.29858779907226,0.002059429495908614,0.0023942519607953855,14.400002360343933,2459575.5431233332
20:2:20,35.26412959936623,37.33304214477539,0.0020635936705876213,0.0023926625038628944,14.400002360343933,2459575.54329
20:2:34,35.234413845638976,37.36746978759766,0.002067762011927036,0.0023908081374405033,14.400002360343933,2459575.5434566666
20:2:49,35.2046380677866,37.40187454223633,0.0020650512834165568,0.0023812813863685147,14.448000490665436,2459575.5436233333
20:3:3,35.174802205830545,37.43625259399414,0.002083054427461834,0.0023953484967554786,14.35200423002243,2459575.5437905556
20:3:17,35.144906199876246,37.470603942871094,0.0020802978195904203,0.0023855166127170774,14.39996212720871,2459575.5439566667
20:3:32,35.11494999006083,37.50492858886718,0.002070620244479708,0.002375736768438173,14.448000490665436,2459575.544123333
20:3:46,35.085033667752604,37.53911590576171,0.002109621807259416,0.002382058724802774,14.35200423002243,2459575.544290555
20:4:1,35.05475636665107,37.5736198425293,0.0020858904261461665,0.0023961063272187636,14.400002360343933,2459575.5444566663
20:4:15,35.024719539591146,37.607757568359375,0.0021040537400881156,0.0023706750162826203,14.400002360343933,2459575.544623333
20:4:29,34.99442116076759,37.642093658447266,0.001886719812245761,0.00214815094490894,15.984021127223969,2459575.5447899997
20:4:45,34.9642637914275,37.67617416381835,0.002211978310215948,0.0022397851784274753,15.215970575809479,2459575.544975
20:5:1,34.930606394544924,37.71410369873047,0.002237296356666323,0.0026428040505153336,14.35200423002243,2459575.5451511107
20:5:15,34.898496707770235,37.750186920166016,0.0021075656003625943,0.0024974543334809218,14.448000490665436,2459575.545317222
20:5:29,34.86804659894209,37.78429794311523,0.0020110729447625026,0.0021276810114332473,16.03201925754547,2459575.545484444
20:5:45,34.835805038763326,37.8203239440918,0.002236632938496786,0.002501805213295059,14.400002360343933,2459575.54567
20:6:0,34.80359751916975,37.856201171875,0.0021277243958494545,0.0024914737432269575,14.400002360343933,2459575.5458366666
20:6:14,34.772958282847355,37.890235900878906,0.002146223075413923,0.0023714269072406106,14.35200423002243,2459575.5460033333
20:6:29,34.74215568019044,37.92435836791992,0.0020149048215476334,0.0022425429170626755,15.215970575809479,2459575.5461694445
20:6:44,34.71149694771272,37.95822525024414,0.002261850751321355,0.0023518664425697957,14.400002360343933,2459575.546345555
20:6:58,34.678926291554944,37.994110107421875,0.0021449158574712228,0.0024920035622047836,14.400002360343933,2459575.546512222
20:7:13,34.64803949814462,38.02803802490235,0.0021558539346927257,0.0021226146543744154,15.984021127223969,2459575.5466788886
20:7:29,34.61358028330528,38.06578063964844,0.002146712043334146,0.0026210144833049313,14.400002360343933,2459575.546863889
20:7:43,34.58266762481429,38.099536895751946,0.0021583879180531234,0.002105557651498379,16.031979024410248,2459575.5470305556
20:7:59,34.54806439498552,38.13722229003906,0.0021629931305094034,0.00248453077443875,15.1680126786232,2459575.547216111
20:8:14,34.51525608775818,38.1728401184082,0.0021746096215637563,0.0024734598979808723,14.400002360343933,2459575.5473916666
20:8:29,34.48394170407484,38.20674133300781,0.0021644475692700394,0.0023464295022354318,14.448000490665436,2459575.5475583333
20:8:43,34.452669764532004,38.24050140380859,0.0021759358861860446,0.002344448976879738,14.400002360343933,2459575.5477255555
20:8:57,34.42133628263497,38.27423858642578,0.0021802137161696,0.002342859519947247,14.400002360343933,2459575.547892222
20:9:12,34.38994119997607,38.307945251464844,0.0021844955996769204,0.002340740244035449,14.400002360343933,2459575.548058889
20:9:26,34.35848445818456,38.341629028320305,0.0021887815249411247,0.0023391507871014777,14.400002360343933,2459575.5482255556
20:9:41,34.326965999059134,38.3752784729004,0.00219307149286618,0.0023367666017027407,14.400002360343933,2459575.5483922223
20:9:55,34.29538576438546,38.408905029296875,0.002197371634546348,0.002335183669194514,14.39996212720871,2459575.548558889
20:10:9,34.26374369606859,38.44250488281251,0.002194317787497131,0.002333322778346378,14.400002360343933,2459575.548725555
20:10:24,34.232145514749284,38.4759635925293,0.0022133287048276356,0.0023312917959429475,14.35200423002243,2459575.548892222
20:10:38,34.20037981181517,38.50951385498047,0.0022102644697363527,0.0023221387951120314,14.448000490665436,2459575.549058333
20:10:53,34.16844590967192,38.54314041137695,0.0022145817297450454,0.0023351771447682754,14.400002360343933,2459575.5492255553
20:11:7,34.13655592753641,38.57663345336914,0.0022115243550044467,0.002318178353733216,14.448000490665436,2459575.549392222
20:11:21,34.10460382257019,38.6100959777832,0.002230642868911259,0.0023315575913824965,14.35200423002243,2459575.549559444
20:11:36,34.07258962667991,38.6435317993164,0.0022201039534838632,0.0023219316703221313,14.400002360343933,2459575.5497255553
20:11:50,34.04062012450953,38.67682647705079,0.0022392940464914927,0.0023121300192338297,14.400002360343933,2459575.549892222
20:12:5,34.00837428495455,38.71031951904296,0.002236192077852227,0.002325905312655333,14.400002360343933,2459575.5500588887
20:12:19,33.976173113755294,38.74367141723633,0.002240526097809609,0.0023161036615670315,14.400002360343933,2459575.5502255554
20:12:33,33.943909532658424,38.77699661254882,0.002244856847106925,0.002321988955576054,14.35200423002243,2459575.550392222
20:12:48,33.91169133769295,38.81017684936525,0.002241751403402541,0.0022889238391889787,14.495998620986938,2459575.5505583333
20:13:2,33.87919491244063,38.84356307983398,0.002253544681949856,0.0023262416825999294,14.35200423002243,2459575.550726111
20:13:17,33.84685202963274,38.87669372558594,0.0022654205474245954,0.0023007389112100762,14.400002360343933,2459575.550892222
20:13:31,33.81422996840266,38.91001510620117,0.0022622555655121782,0.002313984385655234,14.400002360343933,2459575.551058889
20:13:45,33.78165348291958,38.943199157714844,0.0022666132828988274,0.0023044476440543652,14.400002360343933,2459575.5512255556
20:14:0,33.74901424629585,38.976356506347656,0.002270981276582074,0.002302599711020193,14.39996212720871,2459575.5513922223
20:14:14,33.71631220192147,39.00947952270508,0.0022753404958994515,0.002300209092231757,14.400002360343933,2459575.5515588885
20:14:29,33.68354729340993,39.04258346557617,0.002272103970308283,0.0022988845447871917,14.400002360343933,2459575.551725555
20:14:43,33.650828990874544,39.07554626464845,0.00229168934982151,0.002289082893698397,14.400002360343933,2459575.551892222
20:14:57,33.61782865882794,39.108695983886705,0.0022884606242987893,0.0023020634586521744,14.400002360343933,2459575.5520588886
20:15:12,33.58487482043648,39.141712188720696,0.0022928417901938625,0.0022927916265426855,14.400002360343933,2459575.5522255553
20:15:26,33.551857893245796,39.174697875976555,0.002297220408655485,0.002290672350630888,14.400002360343933,2459575.552392222
20:15:41,33.518777913938926,39.207656860351555,0.0023016157397204814,0.002288817984208497,14.400002360343933,2459575.5525588887
20:15:55,33.48563464185435,39.24058532714843,0.002306008522613852,0.002286698708297193,14.400002360343933,2459575.5527255554
20:16:9,33.452428113685734,39.273483276367195,0.0023181319669885797,0.002292219866403481,14.35200423002243,2459575.552892222
20:16:24,33.419158273889764,39.30635833740235,0.0023071155672589197,0.002275405586842011,14.448000490665436,2459575.553058333
20:16:38,33.385825067041985,39.33919906616211,0.0023192099821762197,0.0022806057900517,14.400002360343933,2459575.5532255555
20:16:53,33.352428437824514,39.37200927734375,0.002323618142168637,0.0022784865141408893,14.400002360343933,2459575.553392222
20:17:7,33.31896833109275,39.40479278564453,0.00232803012898373,0.0022766321477184982,14.400002360343933,2459575.553558889
20:17:21,33.28544469174043,39.43754959106445,0.0023324459301939104,0.0022747777812961068,14.400002360343933,2459575.5537255555
20:17:36,33.25185746484026,39.47027587890624,0.0023368655381075546,0.0022726585053843094,14.400002360343933,2459575.5538922222
20:17:50,33.21820659557571,39.50297164916992,0.002333510879640528,0.0022629962038555485,14.448000490665436,2459575.554058889
20:18:5,33.18449202924169,39.53564071655274,0.00235356763235842,0.0022762785211769753,14.351963996887207,2459575.554226111
20:18:19,33.15071371131784,39.568279266357436,0.0023579880459265977,0.002266565587140297,14.400002360343933,2459575.554392222
20:18:33,33.116758677890836,39.60099792480469,0.0023467409286052517,0.0022721286864059898,14.400002360343933,2459575.5545588885
20:18:48,33.082965602979804,39.63346481323242,0.0023511833980313216,0.0022471544383397954,14.448000490665436,2459575.5547255552
20:19:2,33.0489957040914,39.66601562500001,0.0023634626281518797,0.002260472668895297,14.400002360343933,2459575.5548927775
20:19:17,33.01496183666743,39.69853591918945,0.002383754329835381,0.0022659061179356407,14.35200423002243,2459575.555059444
20:19:31,32.9807501844423,39.731132507324226,0.0023723732090832625,0.0022636515827622536,14.400002360343933,2459575.5552255553
20:19:45,32.946588004631884,39.76359558105469,0.002368890188158756,0.002254379750649311,14.400002360343933,2459575.555392222
20:20:0,32.912475980331,39.79591369628908,0.002381268996808437,0.0022443131900720965,14.400002360343933,2459575.5555588887
20:20:14,32.87818570115635,39.82831573486328,0.0023857298766666053,0.002250141198826209,14.400002360343933,2459575.5557255554
20:20:29,32.843831185301205,39.8606834411621,0.002390194455241055,0.0022477570134264856,14.400002360343933,2459575.555892222
20:20:43,32.80941237950405,39.893028259277344,0.002402652086157877,0.002246167556493994,14.400002360343933,2459575.556058889
20:20:57,32.774814183792294,39.92544174194337,0.0023991495603401043,0.0022509359272944287,14.400002360343933,2459575.5562255555
20:21:12,32.74026642446058,39.957725524902344,0.0023956059618223465,0.0022419290046703988,14.400002360343933,2459575.556392222
20:21:26,32.70576969295588,39.98986434936524,0.0024080895002179946,0.002231862444092691,14.400002360343933,2459575.556558889
20:21:41,32.671093198468824,40.0220832824707,0.002412572396469654,0.0022374255433588778,14.400002360343933,2459575.5567255556
20:21:55,32.63635215026516,40.05427169799805,0.002417058925500721,0.002235306267448067,14.400002360343933,2459575.5568922223
20:22:9,32.60154649603286,40.086429595947266,0.002421555842354923,0.0022331932310055485,14.39996212720871,2459575.557058889
20:22:24,32.56667618361403,40.118560791015625,0.002434136851385981,0.0022313326251143717,14.400002360343933,2459575.557225555
20:22:38,32.53162460720867,40.15076446533204,0.002422480578846909,0.0022289364079977367,14.448000490665436,2459575.557392222
20:22:53,32.49662460661686,40.18283081054687,0.0024431998430373683,0.002234276460687709,14.35200423002243,2459575.557559444
20:23:7,32.4615597921348,40.21487045288086,0.0024233441679842897,0.0022175831427118,14.448000490665436,2459575.5577255553
20:23:21,32.42654731440671,40.24676513671876,0.0024522275524696486,0.0022223156659317597,14.35200423002243,2459575.5578927775
20:23:36,32.39135293420069,40.27873992919922,0.0024403895195923547,0.0022204713360684442,14.400002360343933,2459575.5580588887
20:23:50,32.3562113193584,40.31058120727539,0.0024612496815711107,0.002211199503956982,14.400002360343933,2459575.5582255553
20:24:5,32.32076931813438,40.342597961425774,0.002449434880795542,0.00221599896615929,14.448000490665436,2459575.558392222
20:24:19,32.285379881774794,40.37447738647461,0.002462121592331177,0.0022138485988466056,14.400002360343933,2459575.5585594443
20:24:33,32.24992532503377,40.40632629394531,0.0024748966847843164,0.0022191261206626154,14.35200423002243,2459575.558726111
20:24:48,32.21440559734488,40.43814849853515,0.0024794211155911524,0.0022098749565119236,14.400002360343933,2459575.558892222
20:25:2,32.17870192742808,40.47003936767579,0.0024757244581023884,0.002214643327313838,14.400002360343933,2459575.559058889
20:25:17,32.143051489387844,40.50179672241212,0.0024802606805396318,0.0022053714952008957,14.400002360343933,2459575.5592255555
20:25:31,32.107335729733805,40.53352355957031,0.0024848003642569524,0.002203252219289098,14.400002360343933,2459575.559392222
20:25:45,32.07155459862352,40.56521606445312,0.002489343493033748,0.0022008680338888808,14.400002360343933,2459575.559558889
20:26:0,32.03570804644813,40.59687805175782,0.0024938900569120605,0.002198748757979057,14.400002360343933,2459575.5597255556
20:26:14,31.999796023742157,40.62850570678712,0.002498447026716679,0.002196370709165718,14.39996212720871,2459575.5598922223
20:26:29,31.9638184811806,40.660106658935554,0.0025029934413790264,0.002194510206155462,14.400002360343933,2459575.5600588885
20:26:43,31.927775369716816,40.69166946411133,0.002499184486410702,0.002191861111265838,14.400002360343933,2459575.560225555
20:26:57,31.891787107213567,40.723102569580085,0.0025037496987169324,0.0021756024640963577,14.448000490665436,2459575.560392222
20:27:12,31.855612930338,40.75460433959961,0.0025334995779566286,0.002194938735708198,14.35200423002243,2459575.560559444
20:27:26,31.819252133678408,40.78617858886719,0.002504481516125605,0.002185371552830277,14.448000490665436,2459575.5607255553
20:27:41,31.783067383504562,40.8175163269043,0.002534222503573786,0.0021762314514204633,14.400002360343933,2459575.5608927775
20:27:55,31.746574573471463,40.84902191162109,0.0025303776055726843,0.0021878874689321426,14.400002360343933,2459575.561059444
20:28:9,31.710137129978655,40.880401611328125,0.00252650441245738,0.002179145455799,14.400002360343933,2459575.561226111
20:28:24,31.67375546047585,40.91163635253907,0.0025565203049105847,0.0021763330549754017,14.35200423002243,2459575.5613927776
20:28:38,31.637064270245634,40.94305419921876,0.0025356733231000224,0.0021745463463948484,14.448000490665436,2459575.5615588888
20:28:53,31.600428860829318,40.97432708740234,0.0025402089980156094,0.0021717279901079553,14.400002360343933,2459575.561726111
20:29:7,31.563849845262126,41.005470275878906,0.002561825792075021,0.0021699539644381037,14.35200423002243,2459575.5618927777
20:29:21,31.527082510657685,41.03668212890624,0.0025578876172462845,0.0021602887574306215,14.448000490665436,2459575.562058889
20:29:36,31.490126149108644,41.06796646118165,0.0025624841026175254,0.0021797883956836002,14.35200423002243,2459575.562226111
20:29:50,31.45334936642851,41.09900665283203,0.002567083811699923,0.0021484074332941755,14.448000490665436,2459575.562392222
20:30:5,31.416260138257492,41.130229949951165,0.00257169439138584,0.002168284166752579,14.400002360343933,2459575.5625594445
20:30:19,31.379227732951453,41.16130828857422,0.0025763004885021082,0.002158217606174871,14.400002360343933,2459575.562726111
20:30:33,31.342128999836067,41.19235610961914,0.0025981378874751796,0.0021561043543480616,14.39996212720871,2459575.562892778
20:30:48,31.30471591265516,41.22357940673828,0.0025683013227743978,0.0021682841667530726,14.400002360343933,2459575.563059444
20:31:2,31.267732367545133,41.25435638427735,0.00258149663306039,0.0021372897565507427,14.400002360343933,2459575.563226111
20:31:17,31.230558809935843,41.28520202636719,0.002586120988917049,0.0021349419326062036,14.448000490665436,2459575.5633927775
20:31:31,31.19319453261905,41.31611633300781,0.002608056031969955,0.0021540062380943628,14.35200423002243,2459575.5635599997
20:31:45,31.15576370141608,41.3470001220703,0.002612675100430922,0.002144707222238827,14.400002360343933,2459575.563726111
20:32:0,31.118141173803064,41.377952575683594,0.002608623851341035,0.002149475593041235,14.400002360343933,2459575.5638927775
20:32:14,31.080576984186504,41.40876770019531,0.002613262179599647,0.0021399388514393796,14.400002360343933,2459575.5640594442
20:32:29,31.04294600263207,41.43955230712891,0.002617896271048792,0.002137819575528569,14.400002360343933,2459575.564226111
20:32:43,31.005248290149833,41.4703025817871,0.0026225256621427535,0.002142577034214047,14.35200423002243,2459575.5643927776
20:32:57,30.967609790753418,41.50091171264649,0.0026359226767716484,0.002125633739039063,14.400002360343933,2459575.564558889
20:33:12,30.929652497986222,41.53169631958007,0.0026230734348688437,0.0021307174618016424,14.448000490665436,2459575.5647255555
20:33:26,30.891754331712185,41.56234741210937,0.0026276672017294957,0.0021285477434161196,14.400002360343933,2459575.5648927777
20:33:41,30.853915917805082,41.59285354614258,0.002641104126911943,0.0021114433137595498,14.448000490665436,2459575.5650594444
20:33:55,30.81575724408356,41.623535156250014,0.0026546122676459473,0.0021377927163130535,14.35200423002243,2459575.5652266666
20:34:9,30.777658237589236,41.654083251953125,0.0026504188715044032,0.002121395187214481,14.400002360343933,2459575.565392778
20:34:24,30.739492199583673,41.68459320068359,0.002655076749717513,0.0021187460923258444,14.400002360343933,2459575.5655594445
20:34:38,30.701259088120846,41.71507644653322,0.0026597449573166616,0.00211689764044814,14.39996212720871,2459575.565726111
20:34:53,30.66295886146745,41.745513916015625,0.002664401178528824,0.0021137128120360038,14.400002360343933,2459575.5658927774
20:35:7,30.624591478207734,41.77592468261719,0.0026601633965038954,0.0021118584456145994,14.400002360343933,2459575.566059444
20:35:21,30.586285119019177,41.806198120117195,0.0026915612776751917,0.002102321704014224,14.400002360343933,2459575.566226111
20:35:36,30.547526630267644,41.83673858642578,0.00266062093469265,0.0021138195785858553,14.448000490665436,2459575.5663927775
20:35:50,30.50908597769773,41.86694717407227,0.0026920574142934245,0.002104834081869851,14.35200423002243,2459575.5665599997
20:36:5,30.470449558300327,41.897212982177734,0.0026877545107515627,0.0021017918850354113,14.400002360343933,2459575.566726111
20:36:19,30.43174588700148,41.927452087402344,0.0026834979299258494,0.0020929612539912533,14.448000490665436,2459575.5668927776
20:36:33,30.39297470759321,41.9576530456543,0.0027061460166595353,0.002104302490991248,14.35200423002243,2459575.56706
20:36:48,30.354136088515055,41.98781967163086,0.0027018119310257016,0.002094904238324166,14.400002360343933,2459575.567226111
20:37:2,30.31522999033108,42.01795196533203,0.0026975093484517907,0.0020855684300841314,14.448000490665436,2459575.5673927777
20:37:17,30.276256373941074,42.04804992675781,0.002720259332151673,0.002097126014136787,14.35200423002243,2459575.56756
20:37:31,30.237215200499275,42.078113555908196,0.0027249691707993996,0.0020947338551848054,14.35200423002243,2459575.567726111
20:37:45,30.19810643143328,42.108139038085945,0.0027296592083739303,0.002085102587235371,14.400002360343933,2459575.567892222
20:38:0,30.158799332389762,42.138233184814446,0.0027071828310876018,0.0020829281358306045,14.448000490665436,2459575.568058889
20:38:14,30.119685953517887,42.168087005615234,0.002729992435388618,0.0020662942820410556,14.448000490665436,2459575.568226111
20:38:29,30.08024302147188,42.19810867309572,0.0027438812898479357,0.002098835229372019,14.303965866565704,2459575.5683933333
20:38:43,30.040994637159987,42.2278938293457,0.0027211874423883867,0.002061541752385002,14.448000490665436,2459575.5685588885
20:38:57,30.001678919657166,42.25764465332031,0.00275324509219625,0.0020660291040326467,14.400002360343933,2459575.5687261107
20:39:12,29.962032183830935,42.28755569458007,0.002739648449734034,0.0020771553025665003,14.400002360343933,2459575.5688927774
20:39:26,29.922581239688252,42.317234039306626,0.002753525661753113,0.002054148928478372,14.448000490665436,2459575.569059444
20:39:41,29.882798299576184,42.347076416015625,0.002767475446723479,0.002079317719721153,14.35200423002243,2459575.5692266664
20:39:55,29.843079480258325,42.376789093017564,0.0027721881783467155,0.0020633800091425297,14.400002360343933,2459575.5693927775
20:40:9,29.803159963946815,42.40655517578124,0.0027584678725494113,0.0020670887419887924,14.400002360343933,2459575.569559444
20:40:24,29.76343802007117,42.43609237670897,0.0027724177874390602,0.0020511941726530244,14.400002360343933,2459575.569726111
20:40:38,29.72351519738819,42.465690612792976,0.00276791892068731,0.0020486043105499975,14.448000490665436,2459575.5698927776
20:40:53,29.683524303463976,42.4952507019043,0.0027911780855278665,0.002059648857229665,14.35200423002243,2459575.57006
20:41:7,29.643465303773734,42.5247802734375,0.002795902706481406,0.0020506643536756914,14.400002360343933,2459575.570226111
20:41:21,29.60320429820111,42.55437088012695,0.00278204452034624,0.0020549029054983,14.400002360343933,2459575.5703927777
20:41:36,29.563142850541542,42.583724975585945,0.002796077395340572,0.002038478517186186,14.400002360343933,2459575.5705594444
20:41:50,29.522879329448934,42.6131477355957,0.0028008163371078584,0.0020432468879856337,14.400002360343933,2459575.570726111
20:42:5,29.48254756758369,42.64252471923828,0.002814916994764628,0.0020400679741191708,14.400002360343933,2459575.5708927778
20:42:19,29.442012756214908,42.67197036743164,0.0028103168850276,0.002044836344919605,14.400002360343933,2459575.5710594445
20:42:33,29.401544186437196,42.70127487182617,0.00280571063790045,0.002028274044803937,14.448000490665436,2459575.571226111
20:42:48,29.361007277764145,42.73054885864257,0.002810403729080118,0.002032915417918026,14.400002360343933,2459575.5713933334
20:43:2,29.320537457431872,42.759681701660156,0.0028245528521911993,0.0020231194193586636,14.39996212720871,2459575.57156
20:43:17,29.27986400333402,42.788883209228516,0.0028387358862428822,0.002027882137629172,14.400002360343933,2459575.5717266663
20:43:31,29.23898619987173,42.81814193725586,0.002843545784803469,0.002038651017544887,14.35200423002243,2459575.571893333
20:43:45,29.198175618739967,42.847263336181626,0.00282935403702466,0.0020223190383610117,14.400002360343933,2459575.572059444
20:44:0,29.157432913928563,42.876251220703125,0.002843575145331628,0.0020063596025088094,14.448000490665436,2459575.572226111
20:44:14,29.116348938833568,42.905399322509766,0.002857869777530253,0.002030942949812318,14.35200423002243,2459575.572393333
20:44:29,29.0753327796976,42.93441390991211,0.0028530988478448166,0.0020149015726724337,14.400002360343933,2459575.5725594442
20:44:43,29.03424814955434,42.96338653564453,0.0028483775395606206,0.0020053034848068084,14.448000490665436,2459575.572726111
20:44:57,28.993094789465168,42.99232482910156,0.002872212388743657,0.002016324200664343,14.35200423002243,2459575.572893333
20:45:12,28.951872785112396,43.0212287902832,0.0028674076802915095,0.0020072191974939563,14.400002360343933,2459575.5730594443
20:45:26,28.91058210774813,43.05008697509765,0.002853087201075724,0.001997382602048686,14.448000490665436,2459575.573226111
20:45:41,28.869360702467077,43.07881546020508,0.0028865329552139347,0.0019950333610044505,14.400002360343933,2459575.5733933332
20:45:55,28.827794621098786,43.107696533203125,0.0028817182991477917,0.002012337269078532,14.35200423002243,2459575.57356
20:46:9,28.786436187879684,43.1363525390625,0.0028768977339843054,0.001983389042510697,14.448000490665436,2459575.573726111
20:46:24,28.744870768007484,43.165061950683594,0.0029009107378129293,0.001993708813559392,14.400002360343933,2459575.5738933333
20:46:38,28.70309764653583,43.19383239746094,0.002905747346488787,0.0020046292013459633,14.35200423002243,2459575.57406
20:46:53,28.661394348327647,43.222469329833984,0.002891207140056008,0.0019820688953844255,14.448000490665436,2459575.574226111
20:47:7,28.619622186149503,43.251064300537095,0.002915353749463476,0.001992408196488839,14.351963996887207,2459575.5743933334
20:47:21,28.577781134099013,43.27962493896484,0.0029007049752789314,0.0019833773434922777,14.400002360343933,2459575.574559444
20:47:36,28.536010975608335,43.308048248291016,0.002924910415148798,0.0019738406018914093,14.400002360343933,2459575.574726111
20:47:50,28.493892258726397,43.336624145507805,0.002900581609989512,0.0019778444245798638,14.448000490665436,2459575.5748927775
20:48:5,28.451984654202054,43.36497497558593,0.0029345225435841987,0.0019688073216015682,14.400002360343933,2459575.5750599997
20:48:19,28.40972752264796,43.39347457885741,0.0029295742779702786,0.0019791387916686825,14.400002360343933,2459575.5752266664
20:48:33,28.367541646130384,43.421844482421875,0.0029343603329187477,0.0019701318690471203,14.400002360343933,2459575.575393333
20:48:48,28.325286850410254,43.45016860961915,0.0029294001116596546,0.00196041848251406,14.448000490665436,2459575.57556
20:49:2,28.28296287615964,43.47846221923828,0.0029538074978935993,0.0019714047714637067,14.35200423002243,2459575.575727222
20:49:17,28.2405698184552,43.506710052490234,0.002938924092954046,0.001961654765400917,14.400002360343933,2459575.575893333
20:49:31,28.19824930457979,43.53482818603515,0.002953545440733455,0.0019526478427773805,14.400002360343933,2459575.57606
20:49:45,28.155718243261845,43.5629997253418,0.0029682412566009835,0.001962899317414966,14.35200423002243,2459575.5762266666
20:50:0,28.11311803219138,43.59113693237305,0.0029533070853017406,0.001947481040676105,14.448000490665436,2459575.5763927777
20:50:14,28.070448649973855,43.61923217773438,0.00298781589093844,0.001957583408633884,14.35200423002243,2459575.57656
20:50:29,28.02756750366858,43.647380828857436,0.0029530186370881886,0.00194827312895236,14.448000490665436,2459575.576726111
20:50:43,27.984902288950984,43.67530059814454,0.002987528354143708,0.0019453568184364055,14.35200423002243,2459575.5768933333
20:50:57,27.942025269375,43.703277587890625,0.002992303457456602,0.0019363918048149304,14.448000490665436,2459575.5770594445
20:51:12,27.89879246755345,43.73139953613281,0.002967300458588292,0.001952918208656335,14.39996212720871,2459575.5772266667
20:51:26,27.856063453329728,43.75911331176758,0.0029920099483219326,0.001918173774472872,14.448000490665436,2459575.577393333
20:51:41,27.812834892128297,43.78706359863281,0.0030068535729529155,0.0019474831819493333,14.35200423002243,2459575.577560555
20:51:55,27.76968051693022,43.814884185791016,0.003001637506858441,0.0019384461370214943,14.35200423002243,2459575.5777266663
20:52:9,27.726601002734792,43.84257125854492,0.003016474269359125,0.0019227130705307027,14.400002360343933,2459575.5778927775
20:52:24,27.683163766136104,43.870399475097656,0.0030013152955459003,0.0019197171081711743,14.495998620986938,2459575.578059444
20:52:38,27.639656703750724,43.89818954467773,0.003016095610225896,0.0019363197735085664,14.35200423002243,2459575.578227222
20:52:53,27.59636968679461,43.9257583618164,0.0030310181928476093,0.0019209036380439242,14.35200423002243,2459575.578393333
20:53:7,27.552868500869586,43.95337295532227,0.0030156420714968725,0.001917679790242342,14.400002360343933,2459575.5785594443
20:53:21,27.50944324792208,43.98086166381836,0.003030548800121045,0.0019025960383823733,14.448000490665436,2459575.578726111
20:53:36,27.465657877370944,44.00849151611326,0.0030353792526226497,0.001918739428195527,14.400002360343933,2459575.578893333
20:53:50,27.42194840896864,44.0359878540039,0.003040202699533524,0.0019094675960860386,14.400002360343933,2459575.57906
20:54:5,27.378169482919432,44.06344985961913,0.003045027142180568,0.0019070834106848344,14.400002360343933,2459575.5792266666
20:54:19,27.33432108488472,44.09086608886718,0.0030498525470969776,0.0019039044968178782,14.400002360343933,2459575.5793933333
20:54:33,27.290403201007823,44.118240356445305,0.003054678891715623,0.001900990492439835,14.400002360343933,2459575.57956
20:54:48,27.246415817757025,44.145576477050774,0.003049300164561707,0.0018983413975507048,14.400002360343933,2459575.5797266667
20:55:2,27.20250588818994,44.17277908325196,0.003074540238707263,0.001889069565439736,14.400002360343933,2459575.5798933334
20:55:17,27.158232501495583,44.200126647949226,0.003069171806653191,0.0018991414321564387,14.39996212720871,2459575.58006
20:55:31,27.11403654371788,44.22733306884765,0.003073993008574097,0.0018893344749266754,14.400002360343933,2459575.5802266663
20:55:45,27.069771037138732,44.25450897216797,0.003078823571717086,0.0018872151990168514,14.400002360343933,2459575.580393333
20:56:0,27.025435970438924,44.28164291381836,0.0030939414121427854,0.0018843011946383147,14.400002360343933,2459575.5805599997
20:56:14,26.980883206801302,44.30882263183594,0.0030886236912679543,0.0017919102913121529,15.1680126786232,2459575.5807266664
20:56:29,26.934034923492653,44.33731079101562,0.0030832738918355087,0.0019783440632019436,14.400002360343933,2459575.580902222
20:56:44,26.889635772172635,44.364227294921875,0.0030984269081600828,0.0018568230178559809,14.495998620986938,2459575.581068889
20:56:58,26.844720979984718,44.391368865966804,0.003103268993469009,0.0018911345488703609,14.35200423002243,2459575.5812366665
20:57:13,26.800182850263553,44.4182014465332,0.002800089896687867,0.001678717006995577,15.983980894088745,2459575.5814027777
20:57:29,26.755426266853163,44.44508361816407,0.00325314005796048,0.001676780148465352,16.03201925754547,2459575.5815877775
20:57:45,26.70327186279645,44.47630310058593,0.0031384392112003604,0.0020582447472409803,15.1680126786232,2459575.5817733333
20:58:0,26.655667977049873,44.50469970703125,0.0032904264576486333,0.0019719917451494024,14.39996212720871,2459575.581948889
20:58:14,26.608285960677367,44.53287124633788,0.0031289145836961227,0.0018514405424891612,15.216010808944702,2459575.582115555
20:58:30,26.560676362551582,44.56108474731446,0.003144360828307365,0.001965823067245056,14.35200423002243,2459575.5822916664
20:58:44,26.515548482643,44.58774185180664,0.002978024686785773,0.0015822129815138285,16.847987473011017,2459575.5824577776
20:59:1,26.465374760025714,44.61728286743164,0.00332240866500561,0.0020514590821424307,14.400002360343933,2459575.5826527774
20:59:15,26.417532067407606,44.64535903930663,0.002980322367468938,0.0018451729712552763,15.216010808944702,2459575.582819444
20:59:30,26.37218345005006,44.671882629394524,0.0033154823996675263,0.0016593815709312141,15.984021127223969,2459575.5829955554
20:59:46,26.319188709326834,44.70277404785157,0.0031599590377998374,0.0019326486099886318,15.983980894088745,2459575.5831805556
21:0:2,26.26867998444054,44.73210525512697,0.0031552089082376193,0.0019276542086941366,15.216010808944702,2459575.5833655554
21:0:18,26.220670291588316,44.7598991394043,0.003180736487471522,0.0019301305362192803,14.400002360343933,2459575.5835416666
21:0:32,26.174867678661094,44.78632736206055,0.003175162650568163,0.0017368739328574862,15.215970575809479,2459575.5837083333
21:0:47,26.12655449719664,44.81411361694337,0.0031801308476066886,0.0019296007172429346,14.400002360343933,2459575.583884444
21:1:2,26.0807606054849,44.840370178222656,0.003185091003086335,0.0017310482154523803,15.1680126786232,2459575.584051111
21:1:17,26.03244910476752,44.86797332763672,0.003190076072023992,0.0019105169211404958,14.448000490665436,2459575.5842266665
21:1:31,25.986358884113656,44.89422607421874,0.0031842663216964,0.0018231071026989136,14.400002360343933,2459575.5843938887
21:1:46,25.940505441565264,44.92026138305664,0.003799120966149124,0.002031471767112408,12.815983593463898,2459575.5845605554
21:1:58,25.891815969593512,44.947811126708984,0.002679314840525287,0.0019195746608486536,14.35200423002243,2459575.5847088885
21:2:13,25.85336243166873,44.96950912475586,0.0031982330341203988,0.0015017993708467579,14.448000490665436,2459575.5848749997
21:2:27,25.807154359222498,44.995506286621094,0.003213732517209691,0.0018053581669422345,14.400002360343933,2459575.585042222
21:2:42,25.760876603389164,45.02146148681641,0.0032401076300711427,0.0018084721673245383,14.35200423002243,2459575.5852088886
21:2:56,25.714374564976655,45.047454833984375,0.0032126648947741233,0.0018050932574528282,14.400002360343933,2459575.585375
21:3:10,25.668112182908914,45.07323074340821,0.0032282485754895,0.001789993416585773,14.400002360343933,2459575.5855416665
21:3:25,25.621625395802088,45.09906005859376,0.0032438992846854768,0.001799700917835258,14.35200423002243,2459575.585708333
21:3:39,25.575068939546515,45.12483978271484,0.0032271677003261317,0.0017843108558679315,14.448000490665436,2459575.5858744443
21:3:54,25.528442819028744,45.15057373046875,0.003242761923901375,0.0017870794122077295,14.400002360343933,2459575.5860416666
21:4:8,25.48174703967053,45.17626190185547,0.00325846003784047,0.0017898664865902568,14.35200423002243,2459575.5862083333
21:4:22,25.434981607424085,45.201908111572266,0.0032415864209740263,0.0017809864939622368,14.400002360343933,2459575.5863744444
21:4:37,25.3883027553108,45.227428436279304,0.0032572634919844834,0.001766356854952111,14.448000490665436,2459575.586541111
21:4:51,25.34124181078038,45.25307083129883,0.0032621070861494094,0.0017807215844728302,14.400002360343933,2459575.5867083333
21:5:6,25.294267461040135,45.27858734130861,0.0032669420621804957,0.0017719795713401808,14.400002360343933,2459575.586875
21:5:20,25.24722348763363,45.30406188964844,0.0032717855769843138,0.001769070509685259,14.39996212720871,2459575.5870416667
21:5:34,25.200109899236708,45.32948684692383,0.0032875398528679693,0.0017656217436052815,14.400002360343933,2459575.587208333
21:5:49,25.152769317595684,45.35495376586913,0.0031752508576775654,0.001717022296647047,14.83202576637268,2459575.5873749997
21:6:4,25.105673915059914,45.38020324707031,0.0033824403217860535,0.0017078938525203857,14.783987402915955,2459575.5875466666
21:6:18,25.055667959951514,45.406929016113274,0.00329138088284874,0.0018559558793241281,14.400002360343933,2459575.5877177776
21:6:33,25.0082720674697,45.4321746826172,0.0032962116210775725,0.00175317099762785,14.400002360343933,2459575.5878844443
21:6:47,24.96080661234599,45.45738220214844,0.0033010415178944177,0.0017505219027362526,14.400002360343933,2459575.588051111
21:7:2,24.913271606696718,45.48253631591797,0.003294843381635587,0.0017468131698924571,14.400002360343933,2459575.5882177777
21:7:16,24.8658258542242,45.507560729980476,0.0033217258026884684,0.0017378062472699078,14.400002360343933,2459575.5883844444
21:7:30,24.817992994825072,45.53271102905274,0.003315525794762185,0.001746548260403544,14.400002360343933,2459575.588551111
21:7:45,24.770249415554716,45.55773544311524,0.003320351950402646,0.0017378062472694143,14.400002360343933,2459575.5887177777
21:7:59,24.722436339631745,45.58271026611328,0.0033362686242678096,0.0017343624239130517,14.400002360343933,2459575.5888844444
21:8:14,24.674394063567547,45.607723236083984,0.003330009147109619,0.0017428206938776825,14.35200423002243,2459575.589051111
21:8:28,24.626601758202217,45.63252639770508,0.0033016899733064944,0.0017110350428141158,14.495998620986938,2459575.5892172223
21:8:42,24.57874046490224,45.657283782958984,0.0033619850325765414,0.001725017235221317,14.351963996887207,2459575.589385
21:8:57,24.530489376756627,45.68216323852539,0.0033556514425723987,0.0017335178535107891,14.35200423002243,2459575.5895511108
21:9:11,24.482329053058347,45.706912994384766,0.003338158947837984,0.00171302291105024,14.448000490665436,2459575.589717222
21:9:26,24.434099330942065,45.731613159179695,0.003354103758587771,0.0017152889407123012,14.400002360343933,2459575.589884444
21:9:40,24.385800228901562,45.756271362304695,0.003370153898258573,0.0017181017180456519,14.35200423002243,2459575.590051111
21:9:54,24.33743176589793,45.7808837890625,0.003341368981421745,0.0017035178517405916,14.448000490665436,2459575.590217222
21:10:9,24.289155665214853,45.80536651611327,0.0033797698236896594,0.0017001890998427785,14.400002360343933,2459575.590384444
21:10:23,24.240486971776303,45.8299674987793,0.003384614477602592,0.001708401294001056,14.400002360343933,2459575.590551111
21:10:38,24.19174851530997,45.85452651977539,0.00337818939284174,0.001705487289622026,14.400002360343933,2459575.5907177776
21:10:52,24.14310258007936,45.878952026367166,0.00318086156023572,0.0016002025869456663,15.264008939266205,2459575.5908844443
21:11:7,24.094549880789355,45.90325164794921,0.003591883947738893,0.0016931169467755574,14.35200423002243,2459575.591061111
21:11:22,24.042999147177657,45.928966522216804,0.0034042163522708425,0.0017917270546646256,14.35200423002243,2459575.5912272222
21:11:36,23.994141819689954,45.953250885009766,0.003386350313290112,0.0016864185182179315,14.39996212720871,2459575.5913933334
21:11:50,23.945378503429115,45.97740936279297,0.0033911933955034293,0.0016665571902998388,14.496038854122162,2459575.5915599996
21:12:5,23.896219632206055,46.00168228149415,0.0034186826495842247,0.0016912611198330436,14.351963996887207,2459575.591727778
21:12:19,23.84715482190244,46.02582931518555,0.0034120772552531722,0.0016768770648189263,14.400002360343933,2459575.5918938885
21:12:34,23.798020901373118,46.04993057250979,0.003416874742936747,0.0016736981509539437,14.400002360343933,2459575.5920605552
21:12:48,23.74881789700983,46.073978424072266,0.003421678346076034,0.0016644414968019637,14.448000490665436,2459575.592227222
21:13:2,23.699381486586823,46.098068237304695,0.003437969809247031,0.0016841305201158057,14.304006099700928,2459575.592394444
21:13:17,23.650204745464766,46.121944427490234,0.0034198471347536524,0.0016525601726665015,14.448000490665436,2459575.59256
21:13:31,23.600794792383844,46.14585876464844,0.0034360454772511756,0.0016607175859957254,14.400002360343933,2459575.592727222
21:13:46,23.55131572940118,46.16971969604492,0.00342935619887532,0.001657008853150943,14.400002360343933,2459575.5928938887
21:14:0,23.501932992042914,46.19346237182618,0.0034570956644249555,0.0016487966589951329,14.400002360343933,2459575.5930605554
21:14:14,23.45215080631526,46.217315673828125,0.0034503941723424115,0.0016620188804047434,14.35200423002243,2459575.593227222
21:14:29,23.402630734558556,46.2409553527832,0.003455175423795663,0.0016361903483012234,14.448000490665436,2459575.5933933333
21:14:43,23.35271035834022,46.26470947265625,0.003436965600347823,0.0016441112310588539,14.448000490665436,2459575.5935605555
21:14:58,23.303053077659996,46.28825378417969,0.003487905727463043,0.0016404894498418569,14.35200423002243,2459575.5937277777
21:15:12,23.252994639905527,46.31191635131836,0.003469513550221103,0.001643233559727466,14.400002360343933,2459575.593893889
21:15:26,23.203033636593098,46.335445404052734,0.0034627435708838314,0.001628533494968847,14.448000490665436,2459575.5940605556
21:15:41,23.15300391578192,46.35893249511719,0.0034906904127912585,0.0016365025182560455,14.35200423002243,2459575.594227778
21:15:55,23.10290551221184,46.38236999511717,0.0034838321457903274,0.0016276084473653347,14.39996212720871,2459575.594393889
21:16:10,23.052738461254908,46.40575408935547,0.0034769510003528482,0.0016238951670378024,14.400002360343933,2459575.594560555
21:16:24,23.002670358643027,46.42901992797852,0.003504985288490093,0.0016156829728810054,14.400002360343933,2459575.594727222
21:16:38,22.9521985622158,46.45238494873047,0.0034864409222848604,0.001622570619591757,14.400002360343933,2459575.5948938886
21:16:53,22.901993804705697,46.475555419921875,0.003514533429084421,0.0016090602356576863,14.400002360343933,2459575.5950605553
21:17:7,22.851384515031373,46.498828887939446,0.0035076198092787,0.0016162127918578446,14.400002360343933,2459575.595227222
21:17:22,22.80087478149857,46.52197265625001,0.003512379185981623,0.001601866523019141,14.448000490665436,2459575.5953938887
21:17:36,22.750127925296106,46.54514694213868,0.00350539472165129,0.0016093251451465994,14.400002360343933,2459575.595561111
21:17:50,22.69965023303039,46.568122863769524,0.0035336441259598487,0.001600885929421807,14.35200423002243,2459575.5957277776
21:18:5,22.64893535758722,46.591121673583984,0.0035266087413677026,0.001597139308657094,14.400002360343933,2459575.5958938887
21:18:19,22.598152183387516,46.61407470703126,0.0035196171848975717,0.0015886650517559317,14.448000490665436,2459575.5960605554
21:18:34,22.54730075257316,46.63698196411132,0.0035598170379378415,0.0016014574462844269,14.304006099700928,2459575.5962277777
21:18:48,22.49638110794868,46.65983200073243,0.003505763638210145,0.0015710974783497715,14.543996751308441,2459575.5963933333
21:19:2,22.445393292983695,46.68263626098633,0.003581250902815414,0.0015942568882416754,14.304006099700928,2459575.5965616666
21:19:17,22.394167058225264,46.70547103881836,0.0033487005252936172,0.001500711224319416,15.215970575809479,2459575.596727222
21:19:32,22.3432133295652,46.72810363769531,0.00374411717960171,0.0015664865800340743,14.448000490665436,2459575.596903333
21:19:46,22.289118322717204,46.75204086303712,0.0035599845261421593,0.0016678663800649234,14.35200423002243,2459575.597070555
21:20:1,22.238025409739198,46.774574279785156,0.0035765844464427615,0.0015648203510087186,14.400002360343933,2459575.5972366664
21:20:15,22.186522585268452,46.797203063964844,0.00356942515584499,0.0015714430882320376,14.400002360343933,2459575.597403333
21:20:30,22.135122854599214,46.8197135925293,0.003586057720463838,0.001563230894075734,14.400002360343933,2459575.5975699998
21:20:44,22.083483614960205,46.84224319458008,0.0035788422814266667,0.0015697878630534683,14.35200423002243,2459575.5977366664
21:20:58,22.032120055398586,46.86457824707031,0.003571643941635107,0.0015458922848642347,14.448000490665436,2459575.5979027776
21:21:13,21.98051694197736,46.88693237304687,0.0035882499434744994,0.0015523696050298067,14.400002360343933,2459575.59807
21:21:27,21.928846134321823,46.9092445373535,0.0035929473696203716,0.0015494556006517635,14.400002360343933,2459575.5982366665
21:21:42,21.877107683718698,46.93150329589844,0.003597641183748497,0.0015457468678084613,14.400002360343933,2459575.598403333
21:21:56,21.82530164218105,46.95370864868165,0.002823642998594808,0.0009906022888456379,22.41601198911667,2459575.59857
21:22:18,21.762006826871563,46.98073577880859,0.004717915663431794,0.0016959813854962869,15.935982763767242,2459575.5988294445
21:22:34,21.686822204178206,47.0126838684082,0.003602811237290841,0.0022112464365056953,14.448000490665436,2459575.5990138887
21:22:49,21.634768785654053,47.034706115722656,0.003630266432303796,0.001314604755654007,16.75199121236801,2459575.599181111
21:23:6,21.573954594281545,47.060340881347656,0.0036249472414233447,0.0017801917654954977,14.400002360343933,2459575.5993749998
21:23:20,21.521755345448927,47.082252502441406,0.003423863742216082,0.0013626615298490416,16.080017387866974,2459575.5995416665
21:23:36,21.466699556940405,47.105281829833984,0.0038418483427893786,0.0015182864733795497,15.167972445487976,2459575.5997277778
21:23:51,21.408426507137232,47.12956237792969,0.003639714863468002,0.0016861488969313755,14.400002360343933,2459575.599903333
21:24:6,21.356014604512314,47.15131759643555,0.003644484269762311,0.0014342827215934326,15.1680126786232,2459575.6000699997
21:24:21,21.300735020901516,47.174175262451165,0.0036371452048007216,0.0015820643161235893,14.448000490665436,2459575.6002455554
21:24:35,21.248185545197934,47.195823669433594,0.0036661019438886913,0.0015033613495818846,14.400002360343933,2459575.6004127776
21:24:50,21.195393668552676,47.21749496459961,0.00365857249342888,0.0015049508065148693,14.400002360343933,2459575.6005794443
21:25:4,21.14271021601181,47.239040374755874,0.0036633415755458493,0.0014159696931602325,15.216010808944702,2459575.600746111
21:25:19,21.086968771001448,47.26175308227539,0.0036680983275842673,0.0015825460441270746,14.35200423002243,2459575.6009222222
21:25:34,21.03432420828782,47.283123016357415,0.0036731125203188966,0.0012683968406468063,16.847987473011017,2459575.6010883334
21:25:50,20.972439654558528,47.30814361572266,0.0036659099819162004,0.0017317690002442826,14.448000490665436,2459575.6012833333
21:26:5,20.919474585341067,47.32947540283204,0.0036950645553985497,0.0014863280951904834,14.35200423002243,2459575.6014505555
21:26:19,20.86644300321178,47.35075759887697,0.0036996609236416103,0.0014779300386462348,14.400002360343933,2459575.6016166667
21:26:34,20.81316787717887,47.372051239013665,0.003679673726075962,0.001478724767111,14.400002360343933,2459575.6017833333
21:26:48,20.76018056683808,47.393157958984375,0.003672008507450342,0.001460874809932825,14.448000490665436,2459575.60195
21:27:2,20.70712738612071,47.41421508789061,0.0037259361695601853,0.0014671949365817015,14.351963996887207,2459575.6021172223
21:27:17,20.653652884360483,47.43535614013672,0.0037181661931934376,0.001473038323238769,14.35200423002243,2459575.602283333
21:27:31,20.600289747427844,47.45637512207032,0.003710370997382141,0.001454802133151975,14.448000490665436,2459575.602449444
21:27:46,20.546682305437116,47.4774169921875,0.003702573931232473,0.0014612407408437277,14.400002360343933,2459575.6026166664
21:28:0,20.49336523208802,47.498260498046875,0.003719522047574927,0.0014523062789915597,14.35200423002243,2459575.602783333
21:28:14,20.439982635927564,47.5190544128418,0.0037240796818688443,0.0014440216240648746,14.400002360343933,2459575.602949444
